1,-48
2,-46
3,-43
4,-40
5,-36
6,-32
7,-28
8,-25
9,-21
10,-21
11,-18
12,-19
13,-19
14,-21
15,-23
16,-23
17,-24
18,-25
19,-27
20,-28
21,-30
22,-30
23,-31
24,-30
25,-28
26,-26
27,-24
28,-21
29,-19
30,-16
31,-15
32,-14
33,-15
34,-16
35,-18
36,-22
37,-25
38,-28
39,-31
40,-33
41,-36
42,-38
43,-38
44,-39
45,-38
46,-37
47,-35
48,-33
49,-31
50,-29
51,-28
52,-27
53,-26
54,-26
55,-24
56,-23
57,-21
58,-19
59,-16
60,-13
61,-12
62,-9
63,-6
64,-4
65,0
66,3
67,5
68,6
69,5
70,3
71,1
72,-1
73,-3
74,-5
75,-7
76,-10
77,-14
78,-19
79,-24
80,-29
81,-36
82,-41
83,-48
84,-54
85,-61
86,-68
87,-76
88,-84
89,-92
90,-99
91,-108
92,-115
93,-123
94,-130
95,-136
96,-142
97,-146
98,-151
99,-154
100,-158
101,-161
102,-165
103,-168
104,-172
105,-176
106,-178
107,-179
108,-179
109,-178
110,-178
111,-176
112,-174
113,-173
114,-171
115,-170
116,-171
117,-171
118,-172
119,-173
120,-171
121,-168
122,-163
123,-157
124,-152
125,-149
126,-147
127,-148
128,-149
129,-153
130,-155
131,-156
132,-156
133,-153
134,-149
135,-144
136,-140
137,-137
138,-134
139,-132
140,-131
141,-128
142,-126
143,-123
144,-119
145,-118
146,-115
147,-113
148,-111
149,-109
150,-106
151,-103
152,-101
153,-99
154,-98
155,-98
156,-98
157,-99
158,-98
159,-99
160,-100
161,-100
162,-101
163,-101
164,-101
165,-101
166,-100
167,-98
168,-93
169,-89
170,-83
171,-78
172,-74
173,-69
174,-64
175,-60
176,-55
177,-51
178,-47
179,-44
180,-41
181,-38
182,-34
183,-32
184,-28
185,-24
186,-21
187,-17
188,-14
189,-11
190,-8
191,-6
192,-3
193,-2
194,-2
195,-1
196,0
197,1
198,1
199,3
200,4
201,8
202,9
203,11
204,14
205,16
206,19
207,22
208,26
209,29
210,33
211,36
212,38
213,38
214,37
215,36
216,36
217,34
218,33
219,31
220,28
221,24
222,20
223,14
224,11
225,7
226,3
227,3
228,3
229,3
230,5
231,6
232,8
233,10
234,13
235,14
236,18
237,21
238,24
239,27
240,29
241,34
242,38
243,43
244,47
245,51
246,54
247,57
248,59
249,61
250,63
251,67
252,71
253,78
254,84
255,91
256,96
257,101
258,103
259,104
260,103
261,100
262,97
263,93
264,88
265,84
266,79
267,75
268,70
269,63
270,54
271,43
272,29
273,13
274,-6
275,-26
276,-46
277,-63
278,-78
279,-88
280,-96
281,-101
282,-103
283,-104
284,-107
285,-109
286,-113
287,-119
288,-126
289,-134
290,-143
291,-153
292,-161
293,-171
294,-178
295,-185
296,-191
297,-194
298,-197
299,-198
300,-198
301,-200
302,-200
303,-201
304,-202
305,-203
306,-204
307,-204
308,-203
309,-203
310,-203
311,-203
312,-204
313,-205
314,-204
315,-204
316,-204
317,-203
318,-202
319,-201
320,-198
321,-196
322,-191
323,-187
324,-183
325,-180
326,-178
327,-178
328,-179
329,-181
330,-184
331,-185
332,-186
333,-186
334,-184
335,-181
336,-179
337,-176
338,-173
339,-170
340,-166
341,-161
342,-157
343,-151
344,-146
345,-141
346,-135
347,-131
348,-127
349,-123
350,-119
351,-115
352,-111
353,-107
354,-103
355,-100
356,-98
357,-96
358,-96
359,-94
360,-93
361,-91
362,-90
363,-88
364,-85
365,-83
366,-80
367,-78
368,-76
369,-74
370,-73
371,-73
372,-73
373,-72
374,-71
375,-70
376,-68
377,-66
378,-63
379,-61
380,-58
381,-55
382,-51
383,-48
384,-43
385,-39
386,-36
387,-33
388,-31
389,-28
390,-24
391,-21
392,-17
393,-11
394,-6
395,0
396,4
397,8
398,10
399,13
400,14
401,16
402,16
403,15
404,14
405,12
406,10
407,8
408,7
409,6
410,7
411,9
412,12
413,17
414,21
415,28
416,34
417,41
418,48
419,53
420,59
421,64
422,68
423,72
424,76
425,79
426,79
427,79
428,77
429,74
430,70
431,65
432,61
433,56
434,51
435,47
436,43
437,38
438,33
439,29
440,25
441,23
442,21
443,21
444,23
445,23
446,24
447,26
448,26
449,26
450,26
451,26
452,25
453,25
454,26
455,26
456,27
457,26
458,27
459,27
460,26
461,25
462,23
463,19
464,15
465,10
466,3
467,-3
468,-11
469,-19
470,-26
471,-34
472,-41
473,-48
474,-54
475,-59
476,-63
477,-66
478,-69
479,-72
480,-74
481,-78
482,-79
483,-81
484,-81
485,-81
486,-81
487,-78
488,-77
489,-76
490,-76
491,-76
492,-79
493,-81
494,-84
495,-87
496,-91
497,-94
498,-98
499,-101
500,-103
501,-103
502,-103
503,-102
504,-101
505,-99
506,-98
507,-98
508,-99
509,-101
510,-104
511,-108
512,-113
513,-118
514,-123
515,-128
516,-133
517,-136
518,-139
519,-141
520,-141
521,-140
522,-138
523,-135
524,-134
525,-133
526,-131
527,-130
528,-128
529,-126
530,-126
531,-123
532,-123
533,-122
534,-122
535,-122
536,-123
537,-121
538,-120
539,-119
540,-116
541,-116
542,-114
543,-113
544,-111
545,-109
546,-106
547,-104
548,-101
549,-97
550,-94
551,-91
552,-89
553,-88
554,-87
555,-88
556,-91
557,-93
558,-94
559,-97
560,-99
561,-101
562,-103
563,-104
564,-106
565,-108
566,-108
567,-108
568,-107
569,-106
570,-104
571,-103
572,-101
573,-99
574,-97
575,-94
576,-92
577,-89
578,-85
579,-81
580,-77
581,-71
582,-66
583,-60
584,-54
585,-49
586,-44
587,-40
588,-38
589,-35
590,-33
591,-33
592,-32
593,-32
594,-33
595,-34
596,-36
597,-38
598,-38
599,-37
600,-33
601,-26
602,-18
603,-8
604,3
605,13
606,23
607,30
608,35
609,39
610,41
611,41
612,41
613,38
614,33
615,29
616,23
617,17
618,11
619,5
620,-2
621,-8
622,-15
623,-21
624,-28
625,-34
626,-39
627,-41
628,-44
629,-46
630,-46
631,-48
632,-48
633,-48
634,-49
635,-51
636,-51
637,-52
638,-52
639,-52
640,-52
641,-51
642,-48
643,-43
644,-36
645,-28
646,-18
647,-8
648,0
649,5
650,6
651,4
652,-2
653,-7
654,-12
655,-14
656,-12
657,-8
658,0
659,6
660,10
661,13
662,11
663,9
664,4
665,-1
666,-7
667,-14
668,-24
669,-37
670,-51
671,-67
672,-83
673,-94
674,-103
675,-107
676,-107
677,-106
678,-104
679,-103
680,-104
681,-106
682,-108
683,-110
684,-113
685,-112
686,-113
687,-113
688,-114
689,-116
690,-117
691,-119
692,-121
693,-121
694,-121
695,-121
696,-120
697,-121
698,-123
699,-123
700,-123
701,-124
702,-125
703,-126
704,-128
705,-129
706,-132
707,-134
708,-134
709,-136
710,-135
711,-133
712,-133
713,-131
714,-130
715,-129
716,-129
717,-127
718,-126
719,-124
720,-124
721,-123
722,-123
723,-123
724,-123
725,-121
726,-119
727,-116
728,-112
729,-109
730,-106
731,-103
732,-100
733,-98
734,-96
735,-93
736,-90
737,-87
738,-84
739,-81
740,-79
741,-78
742,-76
743,-76
744,-75
745,-74
746,-73
747,-73
748,-72
749,-71
750,-73
751,-74
752,-76
753,-78
754,-81
755,-84
756,-86
757,-87
758,-89
759,-89
760,-88
761,-87
762,-85
763,-83
764,-80
765,-76
766,-73
767,-69
768,-64
769,-59
770,-54
771,-49
772,-44
773,-40
774,-36
775,-31
776,-28
777,-24
778,-21
779,-20
780,-20
781,-21
782,-23
783,-26
784,-27
785,-29
786,-29
787,-29
788,-28
789,-28
790,-28
791,-27
792,-24
793,-23
794,-18
795,-13
796,-9
797,-3
798,1
799,6
800,10
801,15
802,19
803,23
804,25
805,24
806,24
807,20
808,14
809,8
810,1
811,-6
812,-14
813,-23
814,-33
815,-43
816,-53
817,-63
818,-72
819,-79
820,-84
821,-88
822,-92
823,-94
824,-96
825,-96
826,-95
827,-94
828,-91
829,-87
830,-83
831,-78
832,-73
833,-69
834,-64
835,-60
836,-55
837,-50
838,-45
839,-40
840,-36
841,-30
842,-28
843,-26
844,-29
845,-33
846,-36
847,-39
848,-39
849,-35
850,-26
851,-14
852,-1
853,11
854,17
855,18
856,11
857,-1
858,-15
859,-31
860,-47
861,-62
862,-78
863,-93
864,-108
865,-123
866,-133
867,-138
868,-139
869,-136
870,-129
871,-124
872,-121
873,-120
874,-122
875,-126
876,-131
877,-136
878,-139
879,-142
880,-145
881,-149
882,-153
883,-156
884,-160
885,-163
886,-166
887,-167
888,-168
889,-170
890,-171
891,-173
892,-175
893,-176
894,-176
895,-176
896,-174
897,-174
898,-173
899,-172
900,-171
901,-169
902,-168
903,-166
904,-162
905,-159
906,-157
907,-153
908,-151
909,-149
910,-146
911,-142
912,-138
913,-134
914,-130
915,-124
916,-118
917,-113
918,-106
919,-99
920,-92
921,-86
922,-80
923,-76
924,-71
925,-66
926,-63
927,-58
928,-53
929,-48
930,-43
931,-39
932,-36
933,-33
934,-32
935,-30
936,-28
937,-27
938,-28
939,-28
940,-30
941,-32
942,-35
943,-38
944,-40
945,-41
946,-43
947,-45
948,-46
949,-48
950,-49
951,-49
952,-49
953,-48
954,-45
955,-43
956,-40
957,-37
958,-34
959,-31
960,-26
961,-23
962,-18
963,-15
964,-11
965,-8
966,-5
967,-2
968,2
969,5
970,8
971,9
972,11
973,13
974,14
975,17
976,20
977,26
978,31
979,37
980,43
981,48
982,53
983,56
984,58
985,59
986,59
987,56
988,51
989,44
990,35
991,26
992,14
993,4
994,-7
995,-16
996,-26
997,-34
998,-41
999,-46
1000,-51
1001,-55
1002,-58
1003,-59
1004,-63
1005,-64
1006,-66
1007,-68
1008,-69
1009,-69
1010,-70
1011,-69
1012,-69
1013,-69
1014,-70
1015,-70
1016,-71
1017,-71
1018,-71
1019,-71
1020,-70
1021,-68
1022,-66
1023,-63
1024,-59
1025,-55
1026,-50
1027,-46
1028,-41
1029,-38
1030,-36
1031,-34
1032,-33
1033,-31
1034,-30
1035,-28
1036,-28
1037,-27
1038,-28
1039,-33
1040,-38
1041,-45
1042,-54
1043,-61
1044,-70
1045,-79
1046,-89
1047,-98
1048,-107
1049,-116
1050,-122
1051,-125
1052,-124
1053,-119
1054,-113
1055,-104
1056,-96
1057,-89
1058,-84
1059,-81
1060,-78
1061,-78
1062,-78
1063,-78
1064,-81
1065,-84
1066,-86
1067,-91
1068,-95
1069,-99
1070,-103
1071,-108
1072,-113
1073,-116
1074,-121
1075,-124
1076,-127
1077,-130
1078,-132
1079,-134
1080,-137
1081,-140
1082,-144
1083,-147
1084,-149
1085,-151
1086,-151
1087,-151
1088,-151
1089,-149
1090,-148
1091,-146
1092,-144
1093,-143
1094,-140
1095,-137
1096,-134
1097,-133
1098,-129
1099,-127
1100,-124
1101,-120
1102,-116
1103,-111
1104,-106
1105,-102
1106,-98
1107,-94
1108,-90
1109,-88
1110,-87
1111,-88
1112,-87
1113,-88
1114,-90
1115,-91
1116,-94
1117,-97
1118,-99
1119,-101
1120,-103
1121,-104
1122,-104
1123,-103
1124,-102
1125,-100
1126,-99
1127,-97
1128,-96
1129,-94
1130,-91
1131,-89
1132,-86
1133,-83
1134,-79
1135,-74
1136,-71
1137,-68
1138,-63
1139,-61
1140,-58
1141,-56
1142,-53
1143,-49
1144,-46
1145,-41
1146,-37
1147,-33
1148,-30
1149,-28
1150,-25
1151,-23
1152,-21
1153,-20
1154,-19
1155,-18
1156,-16
1157,-16
1158,-17
1159,-18
1160,-19
1161,-20
1162,-22
1163,-26
1164,-27
1165,-29
1166,-34
1167,-37
1168,-39
1169,-43
1170,-44
1171,-46
1172,-47
1173,-48
1174,-47
1175,-47
1176,-47
1177,-45
1178,-44
1179,-41
1180,-39
1181,-36
1182,-33
1183,-31
1184,-28
1185,-25
1186,-21
1187,-18
1188,-15
1189,-14
1190,-14
1191,-13
1192,-11
1193,-3
1194,9
1195,26
1196,48
1197,68
1198,83
1199,89
1200,86
1201,73
1202,56
1203,35
1204,14
1205,-4
1206,-21
1207,-37
1208,-53
1209,-68
1210,-83
1211,-93
1212,-98
1213,-98
1214,-91
1215,-82
1216,-71
1217,-61
1218,-54
1219,-51
1220,-50
1221,-52
1222,-58
1223,-64
1224,-74
1225,-85
1226,-97
1227,-110
1228,-121
1229,-129
1230,-134
1231,-135
1232,-135
1233,-133
1234,-131
1235,-131
1236,-131
1237,-130
1238,-129
1239,-126
1240,-125
1241,-123
1242,-121
1243,-122
1244,-123
1245,-124
1246,-126
1247,-126
1248,-124
1249,-123
1250,-120
1251,-119
1252,-118
1253,-118
1254,-116
1255,-115
1256,-114
1257,-112
1258,-111
1259,-109
1260,-108
1261,-107
1262,-106
1263,-106
1264,-106
1265,-104
1266,-103
1267,-101
1268,-100
1269,-98
1270,-97
1271,-95
1272,-92
1273,-90
1274,-88
1275,-86
1276,-84
1277,-83
1278,-82
1279,-80
1280,-78
1281,-76
1282,-74
1283,-71
1284,-69
1285,-68
1286,-66
1287,-64
1288,-63
1289,-61
1290,-59
1291,-57
1292,-53
1293,-51
1294,-49
1295,-46
1296,-44
1297,-43
1298,-44
1299,-46
1300,-48
1301,-51
1302,-56
1303,-60
1304,-65
1305,-71
1306,-77
1307,-84
1308,-91
1309,-98
1310,-106
1311,-114
1312,-122
1313,-129
1314,-135
1315,-139
1316,-141
1317,-141
1318,-138
1319,-133
1320,-124
1321,-114
1322,-103
1323,-91
1324,-78
1325,-68
1326,-57
1327,-48
1328,-40
1329,-31
1330,-23
1331,-17
1332,-9
1333,-4
1334,0
1335,2
1336,1
1337,-1
1338,-4
1339,-10
1340,-16
1341,-22
1342,-28
1343,-33
1344,-38
1345,-43
1346,-46
1347,-49
1348,-51
1349,-53
1350,-52
1351,-51
1352,-49
1353,-48
1354,-46
1355,-45
1356,-44
1357,-45
1358,-44
1359,-46
1360,-46
1361,-44
1362,-44
1363,-42
1364,-39
1365,-37
1366,-36
1367,-34
1368,-34
1369,-34
1370,-35
1371,-36
1372,-36
1373,-38
1374,-39
1375,-40
1376,-41
1377,-44
1378,-44
1379,-47
1380,-49
1381,-49
1382,-49
1383,-49
1384,-47
1385,-44
1386,-41
1387,-36
1388,-32
1389,-29
1390,-26
1391,-23
1392,-21
1393,-19
1394,-16
1395,-14
1396,-10
1397,-8
1398,-7
1399,-6
1400,-7
1401,-9
1402,-9
1403,-11
1404,-11
1405,-11
1406,-11
1407,-12
1408,-13
1409,-15
1410,-17
1411,-19
1412,-21
1413,-23
1414,-24
1415,-26
1416,-26
1417,-28
1418,-29
1419,-31
1420,-33
1421,-35
1422,-39
1423,-43
1424,-47
1425,-53
1426,-58
1427,-64
1428,-70
1429,-77
1430,-83
1431,-89
1432,-96
1433,-103
1434,-109
1435,-116
1436,-122
1437,-127
1438,-131
1439,-135
1440,-138
1441,-140
1442,-142
1443,-146
1444,-148
1445,-150
1446,-151
1447,-151
1448,-151
1449,-150
1450,-148
1451,-146
1452,-145
1453,-143
1454,-141
1455,-139
1456,-134
1457,-129
1458,-123
1459,-118
1460,-113
1461,-106
1462,-101
1463,-96
1464,-91
1465,-86
1466,-81
1467,-76
1468,-72
1469,-69
1470,-65
1471,-63
1472,-61
1473,-61
1474,-59
1475,-60
1476,-59
1477,-59
1478,-61
1479,-64
1480,-67
1481,-71
1482,-76
1483,-81
1484,-89
1485,-96
1486,-105
1487,-114
1488,-121
1489,-128
1490,-136
1491,-140
1492,-144
1493,-146
1494,-146
1495,-144
1496,-140
1497,-135
1498,-129
1499,-121
1500,-114
1501,-106
1502,-98
1503,-91
1504,-84
1505,-78
1506,-74
1507,-71
1508,-69
1509,-68
1510,-68
1511,-68
1512,-69
1513,-71
1514,-71
1515,-72
1516,-73
1517,-74
1518,-76
1519,-77
1520,-76
1521,-75
1522,-73
1523,-69
1524,-66
1525,-61
1526,-55
1527,-50
1528,-44
1529,-39
1530,-35
1531,-33
1532,-32
1533,-33
1534,-34
1535,-37
1536,-39
1537,-42
1538,-43
1539,-45
1540,-47
1541,-49
1542,-51
1543,-53
1544,-54
1545,-54
1546,-53
1547,-53
1548,-51
1549,-49
1550,-49
1551,-48
1552,-46
1553,-45
1554,-43
1555,-39
1556,-36
1557,-32
1558,-28
1559,-26
1560,-24
1561,-22
1562,-22
1563,-21
1564,-19
1565,-15
1566,-9
1567,-2
1568,6
1569,13
1570,18
1571,23
1572,26
1573,28
1574,29
1575,30
1576,30
1577,28
1578,24
1579,18
1580,9
1581,1
1582,-8
1583,-15
1584,-18
1585,-19
1586,-16
1587,-14
1588,-11
1589,-8
1590,-6
1591,-6
1592,-6
1593,-6
1594,-8
1595,-8
1596,-11
1597,-14
1598,-18
1599,-22
1600,-26
1601,-28
1602,-31
1603,-33
1604,-36
1605,-38
1606,-43
1607,-49
1608,-55
1609,-61
1610,-66
1611,-70
1612,-74
1613,-77
1614,-81
1615,-84
1616,-87
1617,-89
1618,-91
1619,-94
1620,-96
1621,-98
1622,-101
1623,-105
1624,-108
1625,-112
1626,-115
1627,-118
1628,-121
1629,-124
1630,-126
1631,-128
1632,-129
1633,-130
1634,-129
1635,-127
1636,-123
1637,-120
1638,-116
1639,-113
1640,-109
1641,-108
1642,-106
1643,-104
1644,-101
1645,-99
1646,-97
1647,-94
1648,-93
1649,-93
1650,-92
1651,-93
1652,-94
1653,-98
1654,-103
1655,-109
1656,-114
1657,-123
1658,-129
1659,-135
1660,-141
1661,-146
1662,-151
1663,-156
1664,-160
1665,-164
1666,-169
1667,-174
1668,-179
1669,-184
1670,-189
1671,-193
1672,-196
1673,-197
1674,-198
1675,-196
1676,-193
1677,-189
1678,-184
1679,-178
1680,-170
1681,-163
1682,-154
1683,-146
1684,-136
1685,-126
1686,-116
1687,-107
1688,-98
1689,-90
1690,-83
1691,-77
1692,-74
1693,-72
1694,-71
1695,-73
1696,-76
1697,-81
1698,-88
1699,-93
1700,-101
1701,-107
1702,-113
1703,-116
1704,-119
1705,-119
1706,-117
1707,-114
1708,-110
1709,-104
1710,-99
1711,-95
1712,-91
1713,-87
1714,-84
1715,-81
1716,-77
1717,-74
1718,-71
1719,-68
1720,-64
1721,-61
1722,-58
1723,-55
1724,-51
1725,-46
1726,-41
1727,-35
1728,-30
1729,-25
1730,-20
1731,-16
1732,-11
1733,-8
1734,-4
1735,-2
1736,1
1737,4
1738,7
1739,11
1740,14
1741,19
1742,23
1743,27
1744,30
1745,33
1746,35
1747,37
1748,38
1749,39
1750,41
1751,43
1752,45
1753,46
1754,47
1755,47
1756,46
1757,47
1758,45
1759,43
1760,39
1761,35
1762,31
1763,28
1764,26
1765,24
1766,25
1767,24
1768,26
1769,28
1770,29
1771,31
1772,31
1773,31
1774,31
1775,29
1776,27
1777,23
1778,18
1779,12
1780,4
1781,-4
1782,-12
1783,-20
1784,-30
1785,-38
1786,-46
1787,-53
1788,-59
1789,-64
1790,-68
1791,-71
1792,-75
1793,-79
1794,-82
1795,-86
1796,-89
1797,-91
1798,-94
1799,-95
1800,-96
1801,-98
1802,-101
1803,-105
1804,-109
1805,-113
1806,-114
1807,-116
1808,-117
1809,-117
1810,-118
1811,-121
1812,-122
1813,-124
1814,-126
1815,-127
1816,-126
1817,-125
1818,-124
1819,-123
1820,-122
1821,-121
1822,-121
1823,-119
1824,-118
1825,-115
1826,-113
1827,-113
1828,-114
1829,-114
1830,-117
1831,-118
1832,-119
1833,-121
1834,-121
1835,-123
1836,-126
1837,-131
1838,-136
1839,-144
1840,-149
1841,-155
1842,-159
1843,-162
1844,-164
1845,-164
1846,-165
1847,-164
1848,-163
1849,-162
1850,-159
1851,-157
1852,-154
1853,-150
1854,-145
1855,-140
1856,-134
1857,-126
1858,-118
1859,-109
1860,-99
1861,-90
1862,-81
1863,-74
1864,-68
1865,-62
1866,-58
1867,-53
1868,-48
1869,-44
1870,-41
1871,-41
1872,-40
1873,-40
1874,-41
1875,-43
1876,-44
1877,-44
1878,-46
1879,-48
1880,-51
1881,-55
1882,-62
1883,-69
1884,-76
1885,-84
1886,-91
1887,-95
1888,-99
1889,-101
1890,-100
1891,-98
1892,-95
1893,-89
1894,-85
1895,-79
1896,-73
1897,-68
1898,-62
1899,-55
1900,-48
1901,-38
1902,-29
1903,-19
1904,-9
1905,-4
1906,-1
1907,2
1908,6
1909,14
1910,29
1911,49
1912,73
1913,98
1914,118
1915,129
1916,131
1917,123
1918,109
1919,91
1920,74
1921,59
1922,47
1923,36
1924,24
1925,11
1926,-3
1927,-14
1928,-21
1929,-23
1930,-19
1931,-12
1932,-3
1933,6
1934,13
1935,16
1936,21
1937,23
1938,25
1939,28
1940,28
1941,27
1942,23
1943,19
1944,14
1945,13
1946,12
1947,15
1948,19
1949,22
1950,23
1951,22
1952,16
1953,9
1954,1
1955,-8
1956,-15
1957,-23
1958,-31
1959,-39
1960,-48
1961,-56
1962,-63
1963,-68
1964,-71
1965,-74
1966,-76
1967,-78
1968,-81
1969,-84
1970,-88
1971,-91
1972,-93
1973,-96
1974,-98
1975,-101
1976,-104
1977,-109
1978,-113
1979,-117
1980,-119
1981,-121
1982,-123
1983,-126
1984,-129
1985,-134
1986,-139
1987,-144
1988,-147
1989,-150
1990,-153
1991,-154
1992,-157
1993,-159
1994,-162
1995,-164
1996,-166
1997,-166
1998,-165
1999,-164
2000,-163
2001,-163
2002,-163
2003,-162
2004,-163
2005,-161
2006,-160
2007,-159
2008,-157
2009,-154
2010,-154
2011,-152
2012,-151
2013,-149
2014,-148
2015,-146
2016,-144
2017,-143
2018,-142
2019,-141
2020,-141
2021,-141
2022,-142
2023,-142
2024,-143
2025,-144
2026,-146
2027,-150
2028,-152
2029,-155
2030,-158
2031,-159
2032,-161
2033,-164
2034,-166
2035,-168
2036,-169
2037,-169
2038,-168
2039,-166
2040,-163
2041,-159
2042,-154
2043,-147
2044,-141
2045,-132
2046,-123
2047,-113
2048,-102
2049,-90
2050,-80
2051,-70
2052,-60
2053,-51
2054,-42
2055,-33
2056,-26
2057,-19
2058,-13
2059,-8
2060,-1
2061,4
2062,9
2063,13
2064,17
2065,19
2066,21
2067,21
2068,19
2069,18
2070,15
2071,13
2072,11
2073,7
2074,4
2075,1
2076,-3
2077,-6
2078,-8
2079,-11
2080,-11
2081,-13
2082,-13
2083,-12
2084,-11
2085,-9
2086,-4
2087,1
2088,6
2089,12
2090,18
2091,23
2092,28
2093,32
2094,36
2095,39
2096,43
2097,47
2098,50
2099,53
2100,56
2101,59
2102,61
2103,64
2104,66
2105,66
2106,68
2107,71
2108,73
2109,76
2110,79
2111,83
2112,86
2113,89
2114,91
2115,96
2116,98
2117,99
2118,100
2119,100
2120,98
2121,95
2122,91
2123,87
2124,83
2125,78
2126,74
2127,69
2128,64
2129,59
2130,53
2131,44
2132,36
2133,27
2134,16
2135,7
2136,-2
2137,-9
2138,-16
2139,-20
2140,-23
2141,-25
2142,-27
2143,-29
2144,-31
2145,-34
2146,-38
2147,-42
2148,-47
2149,-53
2150,-61
2151,-70
2152,-79
2153,-89
2154,-99
2155,-108
2156,-115
2157,-121
2158,-128
2159,-134
2160,-141
2161,-146
2162,-151
2163,-156
2164,-160
2165,-165
2166,-171
2167,-177
2168,-185
2169,-193
2170,-201
2171,-208
2172,-214
2173,-220
2174,-226
2175,-231
2176,-236
2177,-240
2178,-243
2179,-243
2180,-244
2181,-243
2182,-242
2183,-241
2184,-239
2185,-238
2186,-236
2187,-233
2188,-229
2189,-225
2190,-221
2191,-218
2192,-216
2193,-213
2194,-211
2195,-208
2196,-202
2197,-196
2198,-190
2199,-182
2200,-175
2201,-169
2202,-163
2203,-156
2204,-151
2205,-145
2206,-139
2207,-133
2208,-128
2209,-123
2210,-120
2211,-117
2212,-116
2213,-116
2214,-116
2215,-116
2216,-118
2217,-118
2218,-121
2219,-121
2220,-124
2221,-125
2222,-124
2223,-123
2224,-120
2225,-116
2226,-113
2227,-109
2228,-105
2229,-101
2230,-96
2231,-91
2232,-85
2233,-79
2234,-74
2235,-68
2236,-62
2237,-56
2238,-50
2239,-44
2240,-38
2241,-31
2242,-24
2243,-18
2244,-12
2245,-6
2246,-1
2247,4
2248,10
2249,16
2250,20
2251,24
2252,27
2253,28
2254,29
2255,28
2256,26
2257,23
2258,19
2259,15
2260,12
2261,6
2262,1
2263,-3
2264,-9
2265,-14
2266,-20
2267,-26
2268,-31
2269,-34
2270,-35
2271,-33
2272,-28
2273,-22
2274,-13
2275,-3
2276,8
2277,20
2278,33
2279,46
2280,58
2281,70
2282,81
2283,91
2284,101
2285,111
2286,121
2287,131
2288,140
2289,149
2290,156
2291,163
2292,169
2293,176
2294,184
2295,192
2296,196
2297,196
2298,189
2299,174
2300,152
2301,125
2302,97
2303,73
2304,53
2305,39
2306,29
2307,22
2308,14
2309,5
2310,-8
2311,-20
2312,-30
2313,-39
2314,-44
2315,-47
2316,-48
2317,-49
2318,-51
2319,-56
2320,-61
2321,-67
2322,-73
2323,-79
2324,-86
2325,-93
2326,-99
2327,-104
2328,-109
2329,-112
2330,-113
2331,-112
2332,-111
2333,-108
2334,-107
2335,-106
2336,-106
2337,-106
2338,-106
2339,-106
2340,-108
2341,-108
2342,-111
2343,-115
2344,-120
2345,-126
2346,-130
2347,-134
2348,-138
2349,-143
2350,-146
2351,-149
2352,-153
2353,-156
2354,-159
2355,-162
2356,-165
2357,-168
2358,-171
2359,-174
2360,-178
2361,-181
2362,-186
2363,-189
2364,-192
2365,-195
2366,-197
2367,-199
2368,-201
2369,-203
2370,-203
2371,-204
2372,-202
2373,-200
2374,-198
2375,-194
2376,-192
2377,-188
2378,-184
2379,-179
2380,-176
2381,-172
2382,-169
2383,-166
2384,-164
2385,-162
2386,-159
2387,-155
2388,-151
2389,-146
2390,-139
2391,-136
2392,-131
2393,-129
2394,-129
2395,-128
2396,-128
2397,-128
2398,-127
2399,-127
2400,-128
2401,-128
2402,-129
2403,-132
2404,-133
2405,-133
2406,-133
2407,-130
2408,-126
2409,-122
2410,-118
2411,-111
2412,-106
2413,-101
2414,-95
2415,-90
2416,-85
2417,-81
2418,-78
2419,-74
2420,-73
2421,-71
2422,-69
2423,-68
2424,-66
2425,-63
2426,-59
2427,-55
2428,-51
2429,-46
2430,-39
2431,-33
2432,-26
2433,-20
2434,-16
2435,-13
2436,-10
2437,-9
2438,-10
2439,-11
2440,-13
2441,-14
2442,-16
2443,-19
2444,-21
2445,-23
2446,-25
2447,-26
2448,-27
2449,-28
2450,-29
2451,-29
2452,-29
2453,-28
2454,-24
2455,-19
2456,-11
2457,-3
2458,6
2459,15
2460,24
2461,33
2462,41
2463,49
2464,58
2465,65
2466,72
2467,79
2468,85
2469,89
2470,93
2471,96
2472,98
2473,98
2474,98
2475,97
2476,95
2477,93
2478,89
2479,84
2480,81
2481,75
2482,69
2483,64
2484,60
2485,55
2486,51
2487,48
2488,45
2489,43
2490,41
2491,39
2492,38
2493,34
2494,30
2495,24
2496,18
2497,10
2498,2
2499,-5
2500,-11
2501,-17
2502,-21
2503,-24
2504,-29
2505,-35
2506,-42
2507,-50
2508,-58
2509,-66
2510,-72
2511,-75
2512,-77
2513,-78
2514,-76
2515,-74
2516,-73
2517,-71
2518,-70
2519,-69
2520,-68
2521,-69
2522,-71
2523,-76
2524,-81
2525,-89
2526,-97
2527,-106
2528,-113
2529,-119
2530,-127
2531,-133
2532,-138
2533,-142
2534,-146
2535,-150
2536,-153
2537,-154
2538,-156
2539,-156
2540,-156
2541,-157
2542,-157
2543,-158
2544,-158
2545,-159
2546,-159
2547,-160
2548,-159
2549,-159
2550,-161
2551,-161
2552,-163
2553,-164
2554,-165
2555,-165
2556,-163
2557,-161
2558,-158
2559,-156
2560,-153
2561,-149
2562,-146
2563,-142
2564,-138
2565,-132
2566,-127
2567,-122
2568,-118
2569,-114
2570,-111
2571,-109
2572,-106
2573,-104
2574,-101
2575,-99
2576,-97
2577,-94
2578,-91
2579,-89
2580,-86
2581,-83
2582,-81
2583,-78
2584,-76
2585,-75
2586,-74
2587,-75
2588,-77
2589,-79
2590,-80
2591,-82
2592,-84
2593,-86
2594,-88
2595,-89
2596,-89
2597,-89
2598,-88
2599,-84
2600,-81
2601,-76
2602,-73
2603,-68
2604,-64
2605,-59
2606,-55
2607,-50
2608,-46
2609,-40
2610,-34
2611,-28
2612,-19
2613,-11
2614,-3
2615,4
2616,11
2617,17
2618,21
2619,24
2620,28
2621,31
2622,33
2623,35
2624,38
2625,38
2626,38
2627,38
2628,36
2629,35
2630,34
2631,33
2632,31
2633,30
2634,28
2635,24
2636,19
2637,14
2638,10
2639,4
2640,-2
2641,-8
2642,-12
2643,-15
2644,-18
2645,-19
2646,-18
2647,-16
2648,-13
2649,-9
2650,-6
2651,-4
2652,-1
2653,3
2654,5
2655,9
2656,14
2657,18
2658,23
2659,26
2660,28
2661,29
2662,31
2663,31
2664,33
2665,35
2666,38
2667,41
2668,45
2669,49
2670,54
2671,59
2672,63
2673,66
2674,68
2675,66
2676,64
2677,59
2678,56
2679,53
2680,49
2681,47
2682,43
2683,36
2684,26
2685,13
2686,-4
2687,-21
2688,-38
2689,-52
2690,-61
2691,-68
2692,-73
2693,-75
2694,-78
2695,-81
2696,-85
2697,-89
2698,-91
2699,-93
2700,-92
2701,-90
2702,-89
2703,-89
2704,-92
2705,-97
2706,-104
2707,-111
2708,-118
2709,-126
2710,-132
2711,-138
2712,-143
2713,-147
2714,-151
2715,-153
2716,-155
2717,-155
2718,-156
2719,-155
2720,-154
2721,-154
2722,-153
2723,-154
2724,-153
2725,-152
2726,-151
2727,-150
2728,-150
2729,-151
2730,-151
2731,-151
2732,-151
2733,-149
2734,-148
2735,-145
2736,-143
2737,-139
2738,-138
2739,-136
2740,-134
2741,-133
2742,-131
2743,-129
2744,-127
2745,-125
2746,-124
2747,-123
2748,-123
2749,-121
2750,-121
2751,-118
2752,-116
2753,-114
2754,-111
2755,-111
2756,-109
2757,-109
2758,-109
2759,-110
2760,-110
2761,-110
2762,-109
2763,-108
2764,-109
2765,-109
2766,-110
2767,-111
2768,-111
2769,-111
2770,-112
2771,-111
2772,-112
2773,-112
2774,-112
2775,-112
2776,-112
2777,-111
2778,-109
2779,-108
2780,-108
2781,-107
2782,-105
2783,-103
2784,-100
2785,-96
2786,-92
2787,-88
2788,-84
2789,-81
2790,-78
2791,-77
2792,-74
2793,-72
2794,-69
2795,-66
2796,-62
2797,-59
2798,-56
2799,-53
2800,-50
2801,-48
2802,-46
2803,-44
2804,-42
2805,-40
2806,-38
2807,-36
2808,-34
2809,-34
2810,-35
2811,-36
2812,-37
2813,-38
2814,-41
2815,-43
2816,-46
2817,-47
2818,-48
2819,-49
2820,-49
2821,-48
2822,-46
2823,-43
2824,-41
2825,-39
2826,-36
2827,-33
2828,-31
2829,-29
2830,-28
2831,-28
2832,-27
2833,-28
2834,-28
2835,-30
2836,-33
2837,-36
2838,-39
2839,-41
2840,-44
2841,-45
2842,-47
2843,-48
2844,-48
2845,-49
2846,-48
2847,-49
2848,-48
2849,-47
2850,-47
2851,-46
2852,-44
2853,-43
2854,-42
2855,-39
2856,-39
2857,-38
2858,-36
2859,-35
2860,-33
2861,-31
2862,-29
2863,-28
2864,-26
2865,-24
2866,-23
2867,-21
2868,-20
2869,-19
2870,-18
2871,-18
2872,-16
2873,-14
2874,-13
2875,-9
2876,-6
2877,-3
2878,1
2879,3
2880,1
2881,-1
2882,-6
2883,-13
2884,-19
2885,-26
2886,-30
2887,-33
2888,-35
2889,-35
2890,-35
2891,-36
2892,-33
2893,-31
2894,-30
2895,-28
2896,-27
2897,-27
2898,-29
2899,-33
2900,-39
2901,-45
2902,-53
2903,-60
2904,-66
2905,-74
2906,-81
2907,-88
2908,-96
2909,-102
2910,-107
2911,-109
2912,-113
2913,-114
2914,-115
2915,-115
2916,-116
2917,-117
2918,-116
2919,-115
2920,-114
2921,-112
2922,-109
2923,-108
2924,-104
2925,-101
2926,-98
2927,-94
2928,-93
2929,-91
2930,-91
2931,-89
2932,-88
2933,-88
2934,-86
2935,-86
2936,-84
2937,-83
2938,-82
2939,-80
2940,-78
2941,-76
2942,-73
2943,-69
2944,-65
2945,-61
2946,-57
2947,-53
2948,-48
2949,-44
2950,-42
2951,-39
2952,-38
2953,-37
2954,-36
2955,-37
2956,-37
2957,-37
2958,-37
2959,-38
2960,-37
2961,-38
2962,-38
2963,-39
2964,-39
2965,-39
2966,-40
2967,-42
2968,-42
2969,-44
2970,-44
2971,-43
2972,-43
2973,-42
2974,-41
2975,-41
2976,-41
2977,-42
2978,-42
2979,-39
2980,-36
2981,-32
2982,-27
2983,-21
2984,-16
2985,-10
2986,-5
2987,1
2988,6
2989,11
2990,15
2991,19
2992,21
2993,21
2994,21
2995,19
2996,15
2997,13
2998,8
2999,3
3000,-3
3001,-11
3002,-19
3003,-28
3004,-38
3005,-48
3006,-56
3007,-65
3008,-73
3009,-79
3010,-86
3011,-91
3012,-95
3013,-98
3014,-97
3015,-96
3016,-93
3017,-89
3018,-86
3019,-84
3020,-81
3021,-78
3022,-75
3023,-69
3024,-64
3025,-57
3026,-50
3027,-45
3028,-40
3029,-37
3030,-34
3031,-31
3032,-26
3033,-18
3034,-8
3035,4
3036,16
3037,27
3038,33
3039,33
3040,26
3041,14
3042,-3
3043,-21
3044,-39
3045,-55
3046,-69
3047,-83
3048,-95
3049,-108
3050,-120
3051,-132
3052,-141
3053,-146
3054,-147
3055,-144
3056,-141
3057,-136
3058,-132
3059,-131
3060,-131
3061,-133
3062,-138
3063,-141
3064,-147
3065,-153
3066,-156
3067,-160
3068,-162
3069,-161
3070,-158
3071,-151
3072,-143
3073,-134
3074,-124
3075,-114
3076,-106
3077,-97
3078,-88
3079,-81
3080,-72
3081,-66
3082,-61
3083,-59
3084,-59
3085,-61
3086,-63
3087,-65
3088,-67
3089,-68
3090,-69
3091,-71
3092,-74
3093,-76
3094,-81
3095,-84
3096,-86
3097,-89
3098,-90
3099,-91
3100,-93
3101,-94
3102,-95
3103,-96
3104,-96
3105,-96
3106,-96
3107,-96
3108,-98
3109,-99
3110,-103
3111,-106
3112,-108
3113,-110
3114,-112
3115,-111
3116,-111
3117,-111
3118,-111
3119,-111
3120,-109
3121,-108
3122,-104
3123,-100
3124,-96
3125,-91
3126,-87
3127,-83
3128,-79
3129,-76
3130,-73
3131,-70
3132,-65
3133,-60
3134,-56
3135,-53
3136,-50
3137,-48
3138,-45
3139,-43
3140,-40
3141,-36
3142,-34
3143,-33
3144,-32
3145,-32
3146,-33
3147,-33
3148,-34
3149,-34
3150,-33
3151,-32
3152,-30
3153,-29
3154,-28
3155,-28
3156,-27
3157,-27
3158,-26
3159,-24
3160,-23
3161,-21
3162,-19
3163,-18
3164,-18
3165,-15
3166,-14
3167,-11
3168,-7
3169,-3
3170,3
3171,8
3172,15
3173,21
3174,29
3175,35
3176,43
3177,48
3178,53
3179,56
3180,57
3181,57
3182,56
3183,53
3184,50
3185,45
3186,39
3187,33
3188,26
3189,19
3190,12
3191,5
3192,-2
3193,-8
3194,-14
3195,-19
3196,-24
3197,-29
3198,-34
3199,-39
3200,-44
3201,-48
3202,-51
3203,-53
3204,-54
3205,-54
3206,-53
3207,-52
3208,-49
3209,-48
3210,-46
3211,-43
3212,-41
3213,-38
3214,-36
3215,-34
3216,-33
3217,-32
3218,-33
3219,-33
3220,-33
3221,-32
3222,-31
3223,-30
3224,-30
3225,-31
3226,-31
3227,-33
3228,-34
3229,-35
3230,-38
3231,-39
3232,-42
3233,-45
3234,-48
3235,-53
3236,-57
3237,-60
3238,-63
3239,-65
3240,-65
3241,-64
3242,-63
3243,-61
3244,-58
3245,-56
3246,-52
3247,-50
3248,-48
3249,-45
3250,-44
3251,-43
3252,-41
3253,-41
3254,-40
3255,-41
3256,-42
3257,-43
3258,-45
3259,-47
3260,-48
3261,-50
3262,-52
3263,-54
3264,-58
3265,-62
3266,-66
3267,-71
3268,-76
3269,-80
3270,-84
3271,-87
3272,-90
3273,-94
3274,-98
3275,-102
3276,-108
3277,-113
3278,-117
3279,-120
3280,-121
3281,-121
3282,-123
3283,-123
3284,-124
3285,-124
3286,-126
3287,-126
3288,-128
3289,-129
3290,-131
3291,-134
3292,-136
3293,-139
3294,-142
3295,-144
3296,-145
3297,-144
3298,-143
3299,-141
3300,-138
3301,-135
3302,-131
3303,-126
3304,-121
3305,-116
3306,-111
3307,-106
3308,-103
3309,-99
3310,-97
3311,-94
3312,-91
3313,-89
3314,-86
3315,-84
3316,-83
3317,-81
3318,-79
3319,-78
3320,-76
3321,-75
3322,-73
3323,-73
3324,-73
3325,-74
3326,-76
3327,-76
3328,-77
3329,-77
3330,-77
3331,-76
3332,-75
3333,-74
3334,-73
3335,-69
3336,-68
3337,-65
3338,-62
3339,-59
3340,-58
3341,-57
3342,-56
3343,-54
3344,-51
3345,-48
3346,-44
3347,-40
3348,-36
3349,-33
3350,-30
3351,-27
3352,-24
3353,-21
3354,-18
3355,-15
3356,-13
3357,-13
3358,-13
3359,-18
3360,-23
3361,-29
3362,-38
3363,-48
3364,-56
3365,-66
3366,-76
3367,-83
3368,-89
3369,-91
3370,-91
3371,-91
3372,-88
3373,-83
3374,-78
3375,-72
3376,-66
3377,-60
3378,-55
3379,-50
3380,-46
3381,-40
3382,-34
3383,-26
3384,-15
3385,0
3386,18
3387,40
3388,63
3389,83
3390,97
3391,103
3392,102
3393,93
3394,79
3395,61
3396,44
3397,28
3398,13
3399,-1
3400,-17
3401,-34
3402,-52
3403,-71
3404,-88
3405,-103
3406,-111
3407,-115
3408,-116
3409,-114
3410,-111
3411,-111
3412,-113
3413,-115
3414,-121
3415,-128
3416,-135
3417,-143
3418,-150
3419,-156
3420,-158
3421,-158
3422,-155
3423,-148
3424,-140
3425,-130
3426,-119
3427,-112
3428,-103
3429,-96
3430,-89
3431,-82
3432,-76
3433,-68
3434,-61
3435,-56
3436,-51
3437,-46
3438,-44
3439,-41
3440,-40
3441,-41
3442,-42
3443,-44
3444,-48
3445,-51
3446,-54
3447,-56
3448,-56
3449,-55
3450,-53
3451,-51
3452,-49
3453,-49
3454,-48
3455,-47
3456,-46
3457,-44
3458,-43
3459,-41
3460,-38
3461,-38
3462,-39
3463,-39
3464,-41
3465,-42
3466,-43
3467,-43
3468,-42
3469,-41
3470,-42
3471,-43
3472,-45
3473,-48
3474,-50
3475,-51
3476,-53
3477,-55
3478,-58
3479,-61
3480,-63
3481,-66
3482,-67
3483,-66
3484,-65
3485,-63
3486,-61
3487,-59
3488,-59
3489,-58
3490,-58
3491,-57
3492,-58
3493,-57
3494,-58
3495,-58
3496,-59
3497,-61
3498,-63
3499,-65
3500,-67
3501,-69
3502,-72
3503,-75
3504,-78
3505,-81
3506,-85
3507,-88
3508,-91
3509,-93
3510,-94
3511,-95
3512,-94
3513,-92
3514,-89
3515,-85
3516,-81
3517,-76
3518,-71
3519,-65
3520,-59
3521,-54
3522,-48
3523,-43
3524,-38
3525,-33
3526,-28
3527,-25
3528,-21
3529,-18
3530,-15
3531,-12
3532,-11
3533,-11
3534,-14
3535,-17
3536,-23
3537,-32
3538,-41
3539,-51
3540,-61
3541,-70
3542,-79
3543,-87
3544,-94
3545,-100
3546,-105
3547,-108
3548,-111
3549,-111
3550,-111
3551,-109
3552,-106
3553,-103
3554,-98
3555,-93
3556,-87
3557,-83
3558,-78
3559,-75
3560,-73
3561,-71
3562,-71
3563,-72
3564,-74
3565,-77
3566,-80
3567,-84
3568,-88
3569,-91
3570,-94
3571,-96
3572,-96
3573,-95
3574,-93
3575,-91
3576,-89
3577,-86
3578,-82
3579,-79
3580,-75
3581,-71
3582,-68
3583,-65
3584,-64
3585,-63
3586,-61
3587,-58
3588,-51
3589,-42
3590,-29
3591,-15
3592,-1
3593,10
3594,16
3595,18
3596,16
3597,9
3598,-1
3599,-11
3600,-22
3601,-31
3602,-39
3603,-46
3604,-51
3605,-53
3606,-54
3607,-52
3608,-48
3609,-43
3610,-38
3611,-33
3612,-31
3613,-29
3614,-29
3615,-32
3616,-34
3617,-38
3618,-41
3619,-44
3620,-48
3621,-51
3622,-54
3623,-57
3624,-58
3625,-59
3626,-58
3627,-56
3628,-54
3629,-52
3630,-49
3631,-48
3632,-46
3633,-44
3634,-42
3635,-39
3636,-36
3637,-34
3638,-31
3639,-29
3640,-26
3641,-24
3642,-21
3643,-19
3644,-18
3645,-16
3646,-14
3647,-13
3648,-12
3649,-12
3650,-11
3651,-11
3652,-11
3653,-11
3654,-10
3655,-11
3656,-9
3657,-8
3658,-8
3659,-6
3660,-6
3661,-7
3662,-8
3663,-8
3664,-8
3665,-6
3666,-6
3667,-5
3668,-4
3669,-4
3670,-4
3671,-6
3672,-6
3673,-8
3674,-9
3675,-11
3676,-13
3677,-16
3678,-19
3679,-24
3680,-28
3681,-33
3682,-38
3683,-44
3684,-50
3685,-56
3686,-64
3687,-73
3688,-81
3689,-89
3690,-96
3691,-103
3692,-108
3693,-111
3694,-113
3695,-114
3696,-115
3697,-114
3698,-113
3699,-111
3700,-108
3701,-104
3702,-101
3703,-96
3704,-94
3705,-91
3706,-89
3707,-86
3708,-84
3709,-81
3710,-79
3711,-77
3712,-74
3713,-71
3714,-68
3715,-64
3716,-60
3717,-55
3718,-50
3719,-46
3720,-42
3721,-39
3722,-38
3723,-38
3724,-39
3725,-43
3726,-46
3727,-52
3728,-59
3729,-67
3730,-77
3731,-88
3732,-98
3733,-110
3734,-121
3735,-133
3736,-144
3737,-154
3738,-164
3739,-174
3740,-182
3741,-188
3742,-194
3743,-199
3744,-202
3745,-203
3746,-203
3747,-202
3748,-200
3749,-198
3750,-196
3751,-194
3752,-190
3753,-186
3754,-181
3755,-175
3756,-169
3757,-163
3758,-158
3759,-155
3760,-154
3761,-158
3762,-161
3763,-165
3764,-168
3765,-166
3766,-161
3767,-149
3768,-135
3769,-118
3770,-101
3771,-85
3772,-71
3773,-63
3774,-58
3775,-54
3776,-54
3777,-54
3778,-57
3779,-60
3780,-62
3781,-63
3782,-64
3783,-64
3784,-62
3785,-60
3786,-57
3787,-54
3788,-50
3789,-48
3790,-46
3791,-46
3792,-46
3793,-46
3794,-48
3795,-48
3796,-49
3797,-51
3798,-51
3799,-51
3800,-49
3801,-48
3802,-48
3803,-47
3804,-46
3805,-44
3806,-42
3807,-38
3808,-34
3809,-29
3810,-23
3811,-18
3812,-13
3813,-8
3814,-3
3815,2
3816,7
3817,12
3818,17
3819,21
3820,26
3821,29
3822,33
3823,34
3824,37
3825,39
3826,41
3827,43
3828,44
3829,45
3830,44
3831,42
3832,41
3833,39
3834,37
3835,36
3836,36
3837,36
3838,36
3839,35
3840,33
3841,33
3842,31
3843,29
3844,29
3845,27
3846,25
3847,24
3848,23
3849,22
3850,21
3851,22
3852,22
3853,23
3854,22
3855,21
3856,21
3857,19
3858,18
3859,16
3860,14
3861,13
3862,11
3863,8
3864,4
3865,-1
3866,-8
3867,-14
3868,-20
3869,-26
3870,-31
3871,-37
3872,-43
3873,-48
3874,-54
3875,-59
3876,-63
3877,-66
3878,-69
3879,-71
3880,-73
3881,-73
3882,-73
3883,-72
3884,-71
3885,-68
3886,-65
3887,-61
3888,-58
3889,-53
3890,-50
3891,-47
3892,-46
3893,-46
3894,-46
3895,-47
3896,-48
3897,-49
3898,-50
3899,-49
3900,-49
3901,-48
3902,-45
3903,-43
3904,-39
3905,-36
3906,-33
3907,-31
3908,-29
3909,-28
3910,-27
3911,-26
3912,-28
3913,-29
3914,-33
3915,-39
3916,-47
3917,-58
3918,-69
3919,-81
3920,-93
3921,-100
3922,-103
3923,-103
3924,-98
3925,-90
3926,-83
3927,-76
3928,-73
3929,-74
3930,-78
3931,-85
3932,-96
3933,-106
3934,-116
3935,-126
3936,-135
3937,-143
3938,-149
3939,-153
3940,-154
3941,-154
3942,-150
3943,-143
3944,-136
3945,-127
3946,-117
3947,-108
3948,-98
3949,-88
3950,-78
3951,-69
3952,-60
3953,-54
3954,-48
3955,-44
3956,-41
3957,-39
3958,-39
3959,-39
3960,-39
3961,-40
3962,-41
3963,-43
3964,-46
3965,-48
3966,-49
3967,-51
3968,-53
3969,-56
3970,-58
3971,-63
3972,-65
3973,-69
3974,-73
3975,-76
3976,-80
3977,-83
3978,-84
3979,-87
3980,-88
3981,-88
3982,-88
3983,-88
3984,-87
3985,-86
3986,-84
3987,-82
3988,-79
3989,-75
3990,-73
3991,-69
3992,-66
3993,-63
3994,-61
3995,-59
3996,-59
3997,-56
3998,-54
3999,-53
4000,-49
4001,-47
4002,-45
4003,-43
4004,-41
4005,-38
4006,-36
4007,-34
4008,-32
4009,-31
4010,-29
4011,-29
4012,-27
4013,-26
4014,-26
4015,-24
4016,-24
4017,-23
4018,-23
4019,-24
4020,-25
4021,-26
4022,-27
4023,-28
4024,-27
4025,-27
4026,-26
4027,-26
4028,-28
4029,-29
4030,-33
4031,-36
4032,-39
4033,-44
4034,-48
4035,-54
4036,-59
4037,-64
4038,-70
4039,-74
4040,-80
4041,-85
4042,-90
4043,-95
4044,-101
4045,-106
4046,-111
4047,-116
4048,-119
4049,-122
4050,-124
4051,-124
4052,-123
4053,-121
4054,-120
4055,-118
4056,-117
4057,-116
4058,-114
4059,-111
4060,-110
4061,-108
4062,-106
4063,-104
4064,-103
4065,-101
4066,-98
4067,-96
4068,-93
4069,-92
4070,-91
4071,-93
4072,-95
4073,-99
4074,-104
4075,-108
4076,-111
4077,-115
4078,-118
4079,-119
4080,-121
4081,-122
4082,-121
4083,-119
4084,-116
4085,-113
4086,-108
4087,-103
4088,-99
4089,-93
4090,-88
4091,-81
4092,-75
4093,-69
4094,-64
4095,-59
4096,-56
4097,-54
4098,-54
4099,-55
4100,-56
4101,-58
4102,-61
4103,-64
4104,-68
4105,-73
4106,-79
4107,-84
4108,-88
4109,-93
4110,-96
4111,-96
4112,-97
4113,-94
4114,-91
4115,-88
4116,-82
4117,-76
4118,-69
4119,-64
4120,-60
4121,-59
4122,-59
4123,-61
4124,-61
4125,-61
4126,-59
4127,-56
4128,-53
4129,-49
4130,-46
4131,-42
4132,-39
4133,-35
4134,-32
4135,-29
4136,-26
4137,-23
4138,-21
4139,-18
4140,-13
4141,-8
4142,1
4143,11
4144,23
4145,36
4146,47
4147,56
4148,65
4149,73
4150,80
4151,86
4152,91
4153,95
4154,95
4155,91
4156,82
4157,68
4158,51
4159,33
4160,16
4161,2
4162,-11
4163,-21
4164,-30
4165,-38
4166,-44
4167,-49
4168,-50
4169,-49
4170,-46
4171,-39
4172,-32
4173,-26
4174,-21
4175,-20
4176,-20
4177,-22
4178,-25
4179,-27
4180,-31
4181,-34
4182,-38
4183,-43
4184,-48
4185,-52
4186,-54
4187,-57
4188,-58
4189,-57
4190,-58
4191,-59
4192,-59
4193,-59
4194,-59
4195,-58
4196,-57
4197,-55
4198,-53
4199,-52
4200,-49
4201,-47
4202,-44
4203,-41
4204,-37
4205,-33
4206,-28
4207,-26
4208,-23
4209,-21
4210,-19
4211,-17
4212,-14
4213,-13
4214,-11
4215,-11
4216,-11
4217,-13
4218,-14
4219,-15
4220,-16
4221,-17
4222,-18
4223,-18
4224,-20
4225,-23
4226,-26
4227,-30
4228,-34
4229,-38
4230,-43
4231,-46
4232,-48
4233,-51
4234,-54
4235,-58
4236,-60
4237,-62
4238,-63
4239,-64
4240,-66
4241,-67
4242,-68
4243,-69
4244,-69
4245,-70
4246,-69
4247,-69
4248,-69
4249,-70
4250,-71
4251,-74
4252,-77
4253,-80
4254,-84
4255,-88
4256,-91
4257,-93
4258,-96
4259,-98
4260,-101
4261,-104
4262,-107
4263,-108
4264,-109
4265,-109
4266,-109
4267,-109
4268,-109
4269,-110
4270,-111
4271,-112
4272,-113
4273,-114
4274,-113
4275,-111
4276,-109
4277,-108
4278,-104
4279,-100
4280,-97
4281,-93
4282,-89
4283,-84
4284,-79
4285,-74
4286,-69
4287,-65
4288,-63
4289,-61
4290,-61
4291,-64
4292,-68
4293,-73
4294,-76
4295,-80
4296,-82
4297,-83
4298,-83
4299,-81
4300,-81
4301,-79
4302,-78
4303,-78
4304,-78
4305,-78
4306,-80
4307,-80
4308,-82
4309,-83
4310,-83
4311,-84
4312,-83
4313,-79
4314,-76
4315,-72
4316,-68
4317,-64
4318,-61
4319,-59
4320,-59
4321,-59
4322,-57
4323,-54
4324,-49
4325,-39
4326,-28
4327,-14
4328,1
4329,14
4330,27
4331,36
4332,41
4333,41
4334,36
4335,25
4336,13
4337,-3
4338,-17
4339,-30
4340,-39
4341,-46
4342,-49
4343,-51
4344,-51
4345,-51
4346,-53
4347,-53
4348,-52
4349,-51
4350,-50
4351,-49
4352,-48
4353,-49
4354,-51
4355,-58
4356,-65
4357,-73
4358,-81
4359,-89
4360,-98
4361,-104
4362,-111
4363,-117
4364,-123
4365,-127
4366,-131
4367,-133
4368,-133
4369,-133
4370,-132
4371,-131
4372,-130
4373,-128
4374,-128
4375,-126
4376,-124
4377,-121
4378,-118
4379,-116
4380,-114
4381,-111
4382,-108
4383,-103
4384,-96
4385,-89
4386,-81
4387,-74
4388,-68
4389,-63
4390,-59
4391,-56
4392,-53
4393,-51
4394,-49
4395,-46
4396,-43
4397,-41
4398,-39
4399,-37
4400,-33
4401,-29
4402,-26
4403,-22
4404,-19
4405,-17
4406,-16
4407,-14
4408,-14
4409,-13
4410,-12
4411,-12
4412,-13
4413,-15
4414,-18
4415,-22
4416,-27
4417,-31
4418,-36
4419,-39
4420,-42
4421,-44
4422,-48
4423,-51
4424,-55
4425,-58
4426,-61
4427,-64
4428,-66
4429,-68
4430,-69
4431,-69
4432,-69
4433,-68
4434,-69
4435,-67
4436,-66
4437,-64
4438,-63
4439,-61
4440,-59
4441,-55
4442,-53
4443,-49
4444,-47
4445,-44
4446,-41
4447,-40
4448,-39
4449,-38
4450,-38
4451,-40
4452,-41
4453,-42
4454,-43
4455,-43
4456,-44
4457,-44
4458,-44
4459,-44
4460,-46
4461,-47
4462,-49
4463,-50
4464,-51
4465,-51
4466,-50
4467,-50
4468,-49
4469,-48
4470,-46
4471,-45
4472,-43
4473,-40
4474,-37
4475,-33
4476,-30
4477,-28
4478,-26
4479,-26
4480,-28
4481,-29
4482,-31
4483,-32
4484,-32
4485,-32
4486,-32
4487,-32
4488,-33
4489,-34
4490,-37
4491,-40
4492,-42
4493,-44
4494,-46
4495,-47
4496,-49
4497,-52
4498,-54
4499,-58
4500,-61
4501,-64
4502,-65
4503,-65
4504,-64
4505,-62
4506,-61
4507,-58
4508,-56
4509,-54
4510,-51
4511,-48
4512,-45
4513,-43
4514,-40
4515,-38
4516,-33
4517,-27
4518,-16
4519,-3
4520,14
4521,32
4522,49
4523,62
4524,70
4525,73
4526,68
4527,59
4528,47
4529,31
4530,14
4531,-3
4532,-20
4533,-34
4534,-48
4535,-56
4536,-62
4537,-66
4538,-66
4539,-66
4540,-67
4541,-66
4542,-66
4543,-66
4544,-62
4545,-58
4546,-51
4547,-46
4548,-43
4549,-45
4550,-49
4551,-58
4552,-69
4553,-81
4554,-93
4555,-105
4556,-116
4557,-128
4558,-138
4559,-147
4560,-154
4561,-161
4562,-163
4563,-163
4564,-162
4565,-159
4566,-156
4567,-153
4568,-150
4569,-147
4570,-143
4571,-138
4572,-133
4573,-127
4574,-121
4575,-114
4576,-108
4577,-103
4578,-96
4579,-89
4580,-83
4581,-76
4582,-69
4583,-63
4584,-58
4585,-52
4586,-48
4587,-45
4588,-42
4589,-40
4590,-37
4591,-35
4592,-33
4593,-31
4594,-29
4595,-27
4596,-25
4597,-24
4598,-23
4599,-23
4600,-23
4601,-24
4602,-24
4603,-24
4604,-26
4605,-26
4606,-28
4607,-28
4608,-29
4609,-30
4610,-33
4611,-35
4612,-37
4613,-38
4614,-39
4615,-40
4616,-41
4617,-41
4618,-42
4619,-42
4620,-41
4621,-42
4622,-43
4623,-43
4624,-43
4625,-44
4626,-44
4627,-46
4628,-48
4629,-49
4630,-51
4631,-53
4632,-54
4633,-53
4634,-51
4635,-50
4636,-48
4637,-47
4638,-45
4639,-45
4640,-44
4641,-44
4642,-44
4643,-43
4644,-43
4645,-42
4646,-41
4647,-41
4648,-41
4649,-40
4650,-41
4651,-39
4652,-38
4653,-37
4654,-35
4655,-34
4656,-33
4657,-32
4658,-31
4659,-32
4660,-31
4661,-31
4662,-31
4663,-31
4664,-31
4665,-31
4666,-31
4667,-32
4668,-34
4669,-36
4670,-40
4671,-44
4672,-49
4673,-56
4674,-62
4675,-68
4676,-75
4677,-81
4678,-86
4679,-91
4680,-94
4681,-96
4682,-98
4683,-98
4684,-98
4685,-98
4686,-97
4687,-94
4688,-92
4689,-88
4690,-86
4691,-84
4692,-81
4693,-79
4694,-78
4695,-75
4696,-73
4697,-69
4698,-64
4699,-59
4700,-54
4701,-49
4702,-46
4703,-41
4704,-38
4705,-34
4706,-31
4707,-28
4708,-25
4709,-22
4710,-19
4711,-18
4712,-14
4713,-9
4714,-6
4715,-3
4716,-1
4717,1
4718,1
4719,-2
4720,-5
4721,-6
4722,-8
4723,-10
4724,-10
4725,-13
4726,-16
4727,-23
4728,-31
4729,-41
4730,-51
4731,-59
4732,-64
4733,-67
4734,-68
4735,-68
4736,-71
4737,-74
4738,-79
4739,-83
4740,-88
4741,-89
4742,-90
4743,-90
4744,-91
4745,-94
4746,-100
4747,-108
4748,-115
4749,-121
4750,-125
4751,-125
4752,-123
4753,-119
4754,-116
4755,-111
4756,-106
4757,-101
4758,-94
4759,-87
4760,-79
4761,-71
4762,-64
4763,-59
4764,-54
4765,-50
4766,-46
4767,-41
4768,-35
4769,-29
4770,-24
4771,-19
4772,-15
4773,-11
4774,-6
4775,-1
4776,4
4777,9
4778,13
4779,18
4780,19
4781,21
4782,22
4783,23
4784,25
4785,27
4786,29
4787,31
4788,32
4789,33
4790,35
4791,36
4792,37
4793,38
4794,38
4795,38
4796,39
4797,39
4798,41
4799,41
4800,41
4801,43
4802,41
4803,39
4804,36
4805,32
4806,28
4807,24
4808,21
4809,16
4810,12
4811,7
4812,1
4813,-5
4814,-10
4815,-15
4816,-18
4817,-19
4818,-21
4819,-21
4820,-21
4821,-21
4822,-21
4823,-21
4824,-21
4825,-19
4826,-19
4827,-18
4828,-18
4829,-20
4830,-23
4831,-26
4832,-29
4833,-31
4834,-31
4835,-33
4836,-33
4837,-32
4838,-32
4839,-31
4840,-30
4841,-28
4842,-26
4843,-24
4844,-22
4845,-20
4846,-20
4847,-22
4848,-25
4849,-28
4850,-33
4851,-38
4852,-41
4853,-45
4854,-48
4855,-51
4856,-55
4857,-60
4858,-66
4859,-73
4860,-81
4861,-88
4862,-94
4863,-99
4864,-104
4865,-108
4866,-111
4867,-111
4868,-109
4869,-107
4870,-104
4871,-101
4872,-96
4873,-92
4874,-88
4875,-84
4876,-81
4877,-78
4878,-75
4879,-74
4880,-72
4881,-70
4882,-69
4883,-68
4884,-67
4885,-66
4886,-66
4887,-66
4888,-68
4889,-68
4890,-71
4891,-72
4892,-73
4893,-74
4894,-73
4895,-72
4896,-71
4897,-69
4898,-67
4899,-67
4900,-67
4901,-69
4902,-72
4903,-75
4904,-79
4905,-81
4906,-80
4907,-77
4908,-73
4909,-68
4910,-64
4911,-65
4912,-71
4913,-83
4914,-98
4915,-116
4916,-136
4917,-154
4918,-168
4919,-181
4920,-190
4921,-197
4922,-202
4923,-204
4924,-204
4925,-201
4926,-196
4927,-189
4928,-183
4929,-178
4930,-176
4931,-176
4932,-178
4933,-179
4934,-181
4935,-181
4936,-182
4937,-181
4938,-179
4939,-179
4940,-177
4941,-176
4942,-173
4943,-169
4944,-163
4945,-157
4946,-149
4947,-141
4948,-136
4949,-128
4950,-122
4951,-115
4952,-107
4953,-98
4954,-91
4955,-84
4956,-77
4957,-71
4958,-65
4959,-60
4960,-54
4961,-47
4962,-41
4963,-34
4964,-26
4965,-19
4966,-14
4967,-8
4968,-3
4969,1
4970,7
4971,11
4972,16
4973,21
4974,25
4975,28
4976,31
4977,31
4978,33
4979,34
4980,35
4981,36
4982,36
4983,36
4984,35
4985,34
4986,33
4987,33
4988,33
4989,33
4990,33
4991,33
4992,33
4993,31
4994,30
4995,29
4996,29
4997,28
4998,27
4999,26
5000,24
5001,23
5002,21
5003,20
5004,19
5005,19
5006,18
5007,18
5008,17
5009,16
5010,14
5011,14
5012,13
5013,11
5014,11
5015,9
5016,9
5017,8
5018,8
5019,9
5020,10
5021,13
5022,15
5023,17
5024,19
5025,19
5026,19
5027,16
5028,13
5029,9
5030,5
5031,1
5032,-3
5033,-5
5034,-7
5035,-9
5036,-11
5037,-13
5038,-16
5039,-19
5040,-22
5041,-26
5042,-28
5043,-30
5044,-32
5045,-32
5046,-33
5047,-34
5048,-35
5049,-37
5050,-38
5051,-39
5052,-41
5053,-42
5054,-44
5055,-48
5056,-52
5057,-56
5058,-59
5059,-61
5060,-59
5061,-56
5062,-48
5063,-39
5064,-27
5065,-14
5066,-2
5067,9
5068,19
5069,25
5070,26
5071,23
5072,13
5073,1
5074,-14
5075,-31
5076,-47
5077,-58
5078,-68
5079,-73
5080,-76
5081,-77
5082,-78
5083,-77
5084,-76
5085,-74
5086,-71
5087,-69
5088,-67
5089,-68
5090,-73
5091,-78
5092,-88
5093,-99
5094,-110
5095,-120
5096,-129
5097,-136
5098,-143
5099,-149
5100,-156
5101,-161
5102,-166
5103,-168
5104,-166
5105,-162
5106,-155
5107,-146
5108,-136
5109,-126
5110,-117
5111,-108
5112,-100
5113,-93
5114,-87
5115,-81
5116,-77
5117,-75
5118,-74
5119,-75
5120,-76
5121,-76
5122,-76
5123,-76
5124,-74
5125,-71
5126,-68
5127,-64
5128,-61
5129,-58
5130,-54
5131,-50
5132,-46
5133,-42
5134,-37
5135,-33
5136,-28
5137,-22
5138,-16
5139,-11
5140,-5
5141,1
5142,4
5143,9
5144,13
5145,16
5146,19
5147,23
5148,26
5149,28
5150,30
5151,31
5152,32
5153,33
5154,33
5155,34
5156,33
5157,33
5158,32
5159,30
5160,29
5161,27
5162,24
5163,22
5164,19
5165,18
5166,15
5167,13
5168,9
5169,7
5170,3
5171,-1
5172,-5
5173,-8
5174,-12
5175,-14
5176,-16
5177,-18
5178,-19
5179,-19
5180,-21
5181,-21
5182,-21
5183,-21
5184,-21
5185,-21
5186,-21
5187,-22
5188,-23
5189,-24
5190,-24
5191,-25
5192,-25
5193,-26
5194,-28
5195,-29
5196,-31
5197,-34
5198,-36
5199,-38
5200,-39
5201,-39
5202,-39
5203,-41
5204,-42
5205,-43
5206,-45
5207,-47
5208,-49
5209,-52
5210,-55
5211,-59
5212,-63
5213,-66
5214,-71
5215,-75
5216,-79
5217,-84
5218,-89
5219,-95
5220,-103
5221,-109
5222,-116
5223,-123
5224,-129
5225,-134
5226,-139
5227,-144
5228,-148
5229,-153
5230,-156
5231,-160
5232,-163
5233,-164
5234,-164
5235,-161
5236,-157
5237,-151
5238,-143
5239,-135
5240,-128
5241,-122
5242,-116
5243,-110
5244,-105
5245,-101
5246,-96
5247,-91
5248,-87
5249,-83
5250,-79
5251,-78
5252,-77
5253,-77
5254,-76
5255,-75
5256,-74
5257,-73
5258,-71
5259,-70
5260,-70
5261,-71
5262,-71
5263,-73
5264,-74
5265,-74
5266,-75
5267,-76
5268,-76
5269,-78
5270,-81
5271,-83
5272,-87
5273,-89
5274,-93
5275,-94
5276,-96
5277,-98
5278,-99
5279,-100
5280,-101
5281,-102
5282,-103
5283,-104
5284,-106
5285,-109
5286,-111
5287,-117
5288,-121
5289,-126
5290,-130
5291,-133
5292,-135
5293,-136
5294,-136
5295,-135
5296,-133
5297,-132
5298,-129
5299,-128
5300,-125
5301,-123
5302,-121
5303,-120
5304,-118
5305,-117
5306,-116
5307,-116
5308,-115
5309,-114
5310,-111
5311,-109
5312,-106
5313,-100
5314,-94
5315,-86
5316,-78
5317,-69
5318,-58
5319,-47
5320,-36
5321,-24
5322,-14
5323,-4
5324,5
5325,14
5326,23
5327,31
5328,39
5329,48
5330,55
5331,61
5332,65
5333,69
5334,73
5335,75
5336,77
5337,80
5338,83
5339,84
5340,86
5341,88
5342,87
5343,86
5344,84
5345,82
5346,79
5347,76
5348,74
5349,69
5350,64
5351,60
5352,54
5353,50
5354,46
5355,43
5356,40
5357,38
5358,36
5359,33
5360,31
5361,29
5362,26
5363,24
5364,21
5365,19
5366,16
5367,12
5368,8
5369,4
5370,-1
5371,-6
5372,-11
5373,-15
5374,-19
5375,-21
5376,-23
5377,-24
5378,-26
5379,-28
5380,-29
5381,-31
5382,-33
5383,-36
5384,-37
5385,-40
5386,-41
5387,-43
5388,-44
5389,-44
5390,-45
5391,-46
5392,-44
5393,-46
5394,-47
5395,-48
5396,-49
5397,-50
5398,-51
5399,-53
5400,-55
5401,-56
5402,-59
5403,-63
5404,-66
5405,-69
5406,-71
5407,-72
5408,-73
5409,-74
5410,-73
5411,-74
5412,-74
5413,-74
5414,-75
5415,-75
5416,-74
5417,-73
5418,-70
5419,-66
5420,-63
5421,-58
5422,-54
5423,-52
5424,-50
5425,-49
5426,-51
5427,-53
5428,-56
5429,-60
5430,-66
5431,-71
5432,-78
5433,-85
5434,-91
5435,-96
5436,-99
5437,-102
5438,-103
5439,-104
5440,-104
5441,-105
5442,-104
5443,-103
5444,-103
5445,-101
5446,-102
5447,-103
5448,-104
5449,-106
5450,-109
5451,-112
5452,-114
5453,-118
5454,-120
5455,-122
5456,-123
5457,-123
5458,-124
5459,-123
5460,-121
5461,-120
5462,-117
5463,-114
5464,-112
5465,-107
5466,-102
5467,-96
5468,-88
5469,-79
5470,-71
5471,-62
5472,-56
5473,-53
5474,-51
5475,-55
5476,-61
5477,-70
5478,-81
5479,-94
5480,-106
5481,-116
5482,-123
5483,-128
5484,-127
5485,-124
5486,-116
5487,-108
5488,-98
5489,-86
5490,-74
5491,-63
5492,-54
5493,-45
5494,-39
5495,-36
5496,-33
5497,-33
5498,-33
5499,-34
5500,-34
5501,-34
5502,-33
5503,-32
5504,-31
5505,-29
5506,-28
5507,-28
5508,-26
5509,-24
5510,-22
5511,-19
5512,-17
5513,-15
5514,-14
5515,-13
5516,-14
5517,-14
5518,-16
5519,-17
5520,-18
5521,-19
5522,-19
5523,-19
5524,-19
5525,-19
5526,-18
5527,-18
5528,-17
5529,-17
5530,-16
5531,-16
5532,-17
5533,-19
5534,-19
5535,-21
5536,-23
5537,-23
5538,-24
5539,-26
5540,-26
5541,-28
5542,-29
5543,-30
5544,-33
5545,-34
5546,-37
5547,-39
5548,-44
5549,-49
5550,-55
5551,-63
5552,-72
5553,-81
5554,-89
5555,-98
5556,-104
5557,-110
5558,-114
5559,-119
5560,-123
5561,-128
5562,-133
5563,-137
5564,-142
5565,-146
5566,-148
5567,-150
5568,-151
5569,-151
5570,-149
5571,-148
5572,-144
5573,-144
5574,-141
5575,-138
5576,-134
5577,-131
5578,-128
5579,-124
5580,-120
5581,-116
5582,-111
5583,-107
5584,-102
5585,-97
5586,-91
5587,-84
5588,-79
5589,-71
5590,-65
5591,-59
5592,-54
5593,-50
5594,-46
5595,-44
5596,-42
5597,-40
5598,-38
5599,-37
5600,-36
5601,-36
5602,-39
5603,-40
5604,-43
5605,-46
5606,-49
5607,-52
5608,-56
5609,-60
5610,-63
5611,-68
5612,-71
5613,-74
5614,-77
5615,-78
5616,-80
5617,-81
5618,-83
5619,-85
5620,-88
5621,-90
5622,-93
5623,-94
5624,-92
5625,-91
5626,-88
5627,-84
5628,-81
5629,-78
5630,-75
5631,-74
5632,-72
5633,-71
5634,-69
5635,-69
5636,-68
5637,-66
5638,-64
5639,-64
5640,-63
5641,-63
5642,-62
5643,-61
5644,-60
5645,-60
5646,-58
5647,-54
5648,-49
5649,-43
5650,-34
5651,-24
5652,-15
5653,-5
5654,3
5655,10
5656,15
5657,18
5658,16
5659,12
5660,4
5661,-8
5662,-21
5663,-37
5664,-53
5665,-66
5666,-79
5667,-89
5668,-96
5669,-101
5670,-104
5671,-106
5672,-106
5673,-104
5674,-101
5675,-94
5676,-86
5677,-76
5678,-64
5679,-51
5680,-38
5681,-26
5682,-13
5683,-4
5684,4
5685,11
5686,14
5687,18
5688,20
5689,21
5690,21
5691,21
5692,19
5693,18
5694,16
5695,13
5696,9
5697,5
5698,1
5699,-2
5700,-4
5701,-6
5702,-5
5703,-4
5704,-1
5705,4
5706,9
5707,15
5708,23
5709,29
5710,37
5711,44
5712,51
5713,58
5714,64
5715,69
5716,74
5717,78
5718,82
5719,84
5720,86
5721,87
5722,86
5723,85
5724,83
5725,80
5726,77
5727,73
5728,68
5729,62
5730,54
5731,46
5732,37
5733,26
5734,14
5735,3
5736,-8
5737,-20
5738,-32
5739,-43
5740,-52
5741,-61
5742,-70
5743,-78
5744,-85
5745,-92
5746,-97
5747,-103
5748,-107
5749,-112
5750,-118
5751,-123
5752,-128
5753,-134
5754,-139
5755,-144
5756,-149
5757,-153
5758,-156
5759,-159
5760,-163
5761,-168
5762,-171
5763,-174
5764,-179
5765,-181
5766,-183
5767,-186
5768,-188
5769,-188
5770,-189
5771,-188
5772,-186
5773,-184
5774,-181
5775,-177
5776,-173
5777,-170
5778,-166
5779,-162
5780,-157
5781,-154
5782,-150
5783,-146
5784,-143
5785,-139
5786,-137
5787,-134
5788,-131
5789,-128
5790,-124
5791,-122
5792,-119
5793,-118
5794,-114
5795,-112
5796,-109
5797,-104
5798,-100
5799,-95
5800,-91
5801,-86
5802,-83
5803,-80
5804,-78
5805,-78
5806,-77
5807,-76
5808,-77
5809,-78
5810,-80
5811,-82
5812,-83
5813,-86
5814,-87
5815,-89
5816,-90
5817,-91
5818,-91
5819,-92
5820,-93
5821,-92
5822,-91
5823,-88
5824,-84
5825,-81
5826,-75
5827,-71
5828,-67
5829,-63
5830,-58
5831,-53
5832,-49
5833,-44
5834,-41
5835,-38
5836,-36
5837,-36
5838,-35
5839,-36
5840,-37
5841,-38
5842,-39
5843,-41
5844,-42
5845,-43
5846,-42
5847,-41
5848,-40
5849,-38
5850,-36
5851,-34
5852,-31
5853,-29
5854,-27
5855,-25
5856,-24
5857,-24
5858,-25
5859,-26
5860,-25
5861,-24
5862,-19
5863,-15
5864,-7
5865,1
5866,8
5867,15
5868,20
5869,24
5870,28
5871,30
5872,34
5873,38
5874,43
5875,45
5876,45
5877,41
5878,34
5879,25
5880,16
5881,9
5882,5
5883,4
5884,9
5885,15
5886,24
5887,33
5888,42
5889,48
5890,56
5891,61
5892,67
5893,74
5894,81
5895,88
5896,94
5897,99
5898,103
5899,105
5900,104
5901,105
5902,103
5903,99
5904,94
5905,88
5906,80
5907,71
5908,63
5909,54
5910,45
5911,36
5912,28
5913,20
5914,11
5915,4
5916,-3
5917,-8
5918,-11
5919,-13
5920,-13
5921,-13
5922,-13
5923,-14
5924,-16
5925,-16
5926,-18
5927,-18
5928,-19
5929,-21
5930,-23
5931,-26
5932,-32
5933,-38
5934,-44
5935,-51
5936,-56
5937,-61
5938,-66
5939,-69
5940,-74
5941,-78
5942,-83
5943,-86
5944,-90
5945,-93
5946,-96
5947,-100
5948,-104
5949,-109
5950,-113
5951,-116
5952,-119
5953,-121
5954,-123
5955,-125
5956,-128
5957,-129
5958,-133
5959,-134
5960,-136
5961,-138
5962,-138
5963,-139
5964,-139
5965,-139
5966,-139
5967,-138
5968,-136
5969,-133
5970,-131
5971,-128
5972,-127
5973,-125
5974,-126
5975,-126
5976,-125
5977,-123
5978,-121
5979,-118
5980,-114
5981,-111
5982,-109
5983,-106
5984,-104
5985,-101
5986,-97
5987,-93
5988,-90
5989,-87
5990,-85
5991,-84
5992,-84
5993,-84
5994,-84
5995,-85
5996,-87
5997,-88
5998,-91
5999,-93
6000,-95
6001,-96
6002,-95
6003,-93
6004,-90
6005,-86
6006,-82
6007,-79
6008,-76
6009,-72
6010,-69
6011,-66
6012,-63
6013,-61
6014,-60
6015,-61
6016,-63
6017,-65
6018,-66
6019,-68
6020,-69
6021,-70
6022,-71
6023,-72
6024,-72
6025,-71
6026,-69
6027,-66
6028,-61
6029,-56
6030,-52
6031,-48
6032,-47
6033,-48
6034,-49
6035,-53
6036,-56
6037,-60
6038,-63
6039,-67
6040,-70
6041,-74
6042,-80
6043,-86
6044,-91
6045,-96
6046,-100
6047,-102
6048,-102
6049,-99
6050,-94
6051,-88
6052,-79
6053,-72
6054,-63
6055,-56
6056,-50
6057,-47
6058,-44
6059,-42
6060,-40
6061,-37
6062,-33
6063,-29
6064,-24
6065,-19
6066,-13
6067,-8
6068,-4
6069,0
6070,5
6071,11
6072,19
6073,29
6074,40
6075,52
6076,62
6077,69
6078,71
6079,69
6080,63
6081,53
6082,41
6083,29
6084,18
6085,8
6086,-1
6087,-10
6088,-18
6089,-26
6090,-32
6091,-38
6092,-43
6093,-48
6094,-52
6095,-55
6096,-57
6097,-58
6098,-57
6099,-56
6100,-56
6101,-54
6102,-53
6103,-54
6104,-56
6105,-58
6106,-61
6107,-64
6108,-68
6109,-71
6110,-76
6111,-79
6112,-83
6113,-86
6114,-90
6115,-94
6116,-96
6117,-100
6118,-103
6119,-105
6120,-108
6121,-111
6122,-113
6123,-116
6124,-117
6125,-119
6126,-120
6127,-121
6128,-121
6129,-121
6130,-121
6131,-119
6132,-118
6133,-117
6134,-115
6135,-113
6136,-111
6137,-109
6138,-108
6139,-108
6140,-108
6141,-107
6142,-107
6143,-108
6144,-108
6145,-107
6146,-107
6147,-108
6148,-108
6149,-109
6150,-109
6151,-110
6152,-111
6153,-110
6154,-109
6155,-108
6156,-106
6157,-104
6158,-102
6159,-99
6160,-96
6161,-93
6162,-89
6163,-86
6164,-83
6165,-81
6166,-78
6167,-77
6168,-74
6169,-73
6170,-72
6171,-71
6172,-69
6173,-68
6174,-65
6175,-63
6176,-62
6177,-59
6178,-58
6179,-56
6180,-53
6181,-51
6182,-48
6183,-46
6184,-45
6185,-43
6186,-41
6187,-40
6188,-38
6189,-35
6190,-32
6191,-28
6192,-24
6193,-20
6194,-17
6195,-14
6196,-11
6197,-8
6198,-6
6199,-2
6200,2
6201,5
6202,9
6203,11
6204,11
6205,11
6206,10
6207,8
6208,6
6209,4
6210,3
6211,0
6212,-4
6213,-8
6214,-13
6215,-19
6216,-24
6217,-29
6218,-33
6219,-36
6220,-37
6221,-36
6222,-31
6223,-26
6224,-18
6225,-8
6226,2
6227,11
6228,20
6229,27
6230,32
6231,36
6232,37
6233,36
6234,35
6235,34
6236,31
6237,29
6238,26
6239,22
6240,18
6241,15
6242,13
6243,9
6244,6
6245,4
6246,3
6247,3
6248,3
6249,5
6250,6
6251,8
6252,11
6253,13
6254,16
6255,16
6256,16
6257,15
6258,13
6259,9
6260,6
6261,4
6262,3
6263,6
6264,11
6265,20
6266,31
6267,41
6268,50
6269,54
6270,54
6271,48
6272,36
6273,22
6274,5
6275,-12
6276,-29
6277,-46
6278,-59
6279,-71
6280,-80
6281,-86
6282,-91
6283,-93
6284,-93
6285,-93
6286,-94
6287,-95
6288,-98
6289,-101
6290,-106
6291,-111
6292,-113
6293,-115
6294,-118
6295,-120
6296,-124
6297,-128
6298,-133
6299,-139
6300,-144
6301,-151
6302,-157
6303,-162
6304,-166
6305,-169
6306,-172
6307,-174
6308,-176
6309,-175
6310,-174
6311,-172
6312,-168
6313,-163
6314,-158
6315,-152
6316,-146
6317,-139
6318,-133
6319,-128
6320,-122
6321,-117
6322,-113
6323,-109
6324,-106
6325,-103
6326,-101
6327,-101
6328,-101
6329,-102
6330,-103
6331,-106
6332,-108
6333,-110
6334,-114
6335,-119
6336,-123
6337,-127
6338,-131
6339,-133
6340,-134
6341,-134
6342,-134
6343,-134
6344,-132
6345,-131
6346,-131
6347,-129
6348,-128
6349,-128
6350,-127
6351,-127
6352,-127
6353,-126
6354,-125
6355,-123
6356,-121
6357,-118
6358,-116
6359,-114
6360,-113
6361,-111
6362,-108
6363,-105
6364,-101
6365,-94
6366,-90
6367,-83
6368,-78
6369,-72
6370,-64
6371,-56
6372,-49
6373,-41
6374,-33
6375,-27
6376,-21
6377,-18
6378,-14
6379,-10
6380,-8
6381,-4
6382,-1
6383,1
6384,4
6385,7
6386,9
6387,11
6388,14
6389,17
6390,20
6391,23
6392,23
6393,23
6394,23
6395,21
6396,19
6397,18
6398,16
6399,14
6400,11
6401,7
6402,2
6403,-4
6404,-12
6405,-18
6406,-26
6407,-32
6408,-37
6409,-41
6410,-44
6411,-46
6412,-46
6413,-43
6414,-38
6415,-29
6416,-19
6417,-8
6418,3
6419,15
6420,24
6421,31
6422,38
6423,41
6424,42
6425,41
6426,41
6427,39
6428,37
6429,35
6430,34
6431,33
6432,30
6433,28
6434,24
6435,21
6436,20
6437,19
6438,21
6439,23
6440,25
6441,26
6442,28
6443,26
6444,22
6445,16
6446,9
6447,-1
6448,-8
6449,-14
6450,-16
6451,-12
6452,-2
6453,13
6454,31
6455,49
6456,64
6457,74
6458,76
6459,71
6460,59
6461,41
6462,19
6463,-3
6464,-26
6465,-48
6466,-68
6467,-86
6468,-99
6469,-110
6470,-117
6471,-119
6472,-119
6473,-118
6474,-114
6475,-112
6476,-112
6477,-111
6478,-112
6479,-114
6480,-116
6481,-118
6482,-121
6483,-124
6484,-128
6485,-130
6486,-133
6487,-135
6488,-136
6489,-136
6490,-137
6491,-136
6492,-136
6493,-134
6494,-133
6495,-133
6496,-131
6497,-131
6498,-130
6499,-130
6500,-131
6501,-131
6502,-133
6503,-133
6504,-131
6505,-131
6506,-131
6507,-132
6508,-133
6509,-136
6510,-139
6511,-143
6512,-145
6513,-149
6514,-151
6515,-154
6516,-157
6517,-161
6518,-164
6519,-169
6520,-173
6521,-176
6522,-178
6523,-182
6524,-184
6525,-186
6526,-188
6527,-189
6528,-189
6529,-187
6530,-184
6531,-180
6532,-174
6533,-170
6534,-166
6535,-163
6536,-159
6537,-158
6538,-153
6539,-149
6540,-144
6541,-139
6542,-134
6543,-129
6544,-123
6545,-119
6546,-116
6547,-113
6548,-109
6549,-106
6550,-103
6551,-99
6552,-95
6553,-91
6554,-88
6555,-83
6556,-78
6557,-73
6558,-68
6559,-63
6560,-57
6561,-51
6562,-46
6563,-39
6564,-33
6565,-26
6566,-21
6567,-14
6568,-9
6569,-4
6570,1
6571,5
6572,9
6573,11
6574,13
6575,13
6576,11
6577,10
6578,8
6579,6
6580,4
6581,2
6582,1
6583,-1
6584,0
6585,-1
6586,-2
6587,-3
6588,-3
6589,-4
6590,-6
6591,-9
6592,-11
6593,-14
6594,-19
6595,-24
6596,-28
6597,-31
6598,-33
6599,-33
6600,-30
6601,-25
6602,-19
6603,-11
6604,-2
6605,7
6606,16
6607,26
6608,34
6609,40
6610,46
6611,49
6612,51
6613,52
6614,52
6615,50
6616,48
6617,44
6618,40
6619,36
6620,31
6621,25
6622,20
6623,14
6624,9
6625,3
6626,-4
6627,-11
6628,-18
6629,-24
6630,-29
6631,-33
6632,-34
6633,-34
6634,-33
6635,-31
6636,-28
6637,-24
6638,-21
6639,-16
6640,-10
6641,-5
6642,1
6643,5
6644,6
6645,4
6646,-3
6647,-13
6648,-26
6649,-43
6650,-59
6651,-74
6652,-88
6653,-101
6654,-112
6655,-123
6656,-130
6657,-138
6658,-143
6659,-146
6660,-148
6661,-148
6662,-146
6663,-145
6664,-144
6665,-145
6666,-146
6667,-148
6668,-151
6669,-154
6670,-155
6671,-156
6672,-156
6673,-156
6674,-156
6675,-154
6676,-154
6677,-152
6678,-151
6679,-149
6680,-147
6681,-145
6682,-143
6683,-140
6684,-138
6685,-134
6686,-131
6687,-129
6688,-126
6689,-121
6690,-118
6691,-114
6692,-111
6693,-109
6694,-107
6695,-106
6696,-107
6697,-108
6698,-109
6699,-111
6700,-113
6701,-115
6702,-117
6703,-120
6704,-123
6705,-128
6706,-131
6707,-136
6708,-139
6709,-143
6710,-144
6711,-145
6712,-144
6713,-144
6714,-143
6715,-143
6716,-143
6717,-143
6718,-143
6719,-142
6720,-141
6721,-139
6722,-138
6723,-134
6724,-129
6725,-124
6726,-118
6727,-111
6728,-102
6729,-93
6730,-84
6731,-76
6732,-67
6733,-59
6734,-51
6735,-43
6736,-34
6737,-27
6738,-20
6739,-14
6740,-7
6741,-2
6742,3
6743,7
6744,9
6745,11
6746,13
6747,14
6748,15
6749,16
6750,17
6751,18
6752,20
6753,23
6754,27
6755,31
6756,34
6757,39
6758,41
6759,44
6760,45
6761,45
6762,44
6763,43
6764,42
6765,39
6766,36
6767,33
6768,28
6769,25
6770,20
6771,15
6772,10
6773,6
6774,0
6775,-3
6776,-4
6777,-5
6778,-4
6779,-3
6780,-1
6781,2
6782,5
6783,9
6784,14
6785,18
6786,23
6787,28
6788,32
6789,35
6790,39
6791,41
6792,42
6793,43
6794,43
6795,42
6796,41
6797,38
6798,34
6799,32
6800,29
6801,27
6802,25
6803,22
6804,19
6805,16
6806,11
6807,7
6808,3
6809,-1
6810,-6
6811,-10
6812,-15
6813,-21
6814,-27
6815,-32
6816,-37
6817,-40
6818,-41
6819,-41
6820,-42
6821,-41
6822,-41
6823,-45
6824,-50
6825,-57
6826,-66
6827,-74
6828,-83
6829,-89
6830,-94
6831,-96
6832,-96
6833,-93
6834,-91
6835,-89
6836,-86
6837,-85
6838,-84
6839,-84
6840,-86
6841,-90
6842,-96
6843,-107
6844,-120
6845,-135
6846,-151
6847,-164
6848,-174
6849,-181
6850,-183
6851,-181
6852,-177
6853,-171
6854,-164
6855,-159
6856,-154
6857,-149
6858,-144
6859,-140
6860,-137
6861,-133
6862,-131
6863,-129
6864,-128
6865,-128
6866,-128
6867,-130
6868,-131
6869,-133
6870,-135
6871,-137
6872,-139
6873,-139
6874,-140
6875,-139
6876,-136
6877,-134
6878,-130
6879,-126
6880,-121
6881,-118
6882,-113
6883,-110
6884,-108
6885,-107
6886,-107
6887,-108
6888,-108
6889,-110
6890,-111
6891,-113
6892,-114
6893,-116
6894,-118
6895,-119
6896,-121
6897,-121
6898,-121
6899,-121
6900,-119
6901,-118
6902,-115
6903,-112
6904,-109
6905,-105
6906,-102
6907,-99
6908,-95
6909,-92
6910,-89
6911,-87
6912,-84
6913,-81
6914,-76
6915,-73
6916,-71
6917,-68
6918,-64
6919,-60
6920,-56
6921,-51
6922,-44
6923,-38
6924,-31
6925,-26
6926,-19
6927,-16
6928,-13
6929,-9
6930,-6
6931,-3
6932,-1
6933,1
6934,3
6935,3
6936,2
6937,1
6938,1
6939,1
6940,1
6941,1
6942,1
6943,0
6944,-2
6945,-4
6946,-7
6947,-10
6948,-13
6949,-15
6950,-18
6951,-18
6952,-19
6953,-19
6954,-18
6955,-18
6956,-16
6957,-13
6958,-9
6959,-5
6960,-1
6961,4
6962,8
6963,12
6964,15
6965,18
6966,21
6967,22
6968,23
6969,23
6970,23
6971,23
6972,21
6973,20
6974,19
6975,18
6976,17
6977,15
6978,13
6979,11
6980,9
6981,8
6982,6
6983,6
6984,5
6985,5
6986,5
6987,4
6988,3
6989,1
6990,-3
6991,-7
6992,-12
6993,-19
6994,-27
6995,-35
6996,-45
6997,-54
6998,-63
6999,-71
7000,-77
7001,-81
7002,-84
7003,-86
7004,-86
7005,-86
7006,-85
7007,-84
7008,-84
7009,-84
7010,-85
7011,-86
7012,-87
7013,-89
7014,-91
7015,-94
7016,-98
7017,-101
7018,-106
7019,-110
7020,-115
7021,-118
7022,-120
7023,-120
7024,-118
7025,-114
7026,-109
7027,-103
7028,-98
7029,-93
7030,-88
7031,-86
7032,-84
7033,-82
7034,-81
7035,-79
7036,-78
7037,-79
7038,-80
7039,-83
7040,-86
7041,-91
7042,-97
7043,-103
7044,-108
7045,-113
7046,-116
7047,-118
7048,-121
7049,-122
7050,-122
7051,-121
7052,-118
7053,-114
7054,-111
7055,-107
7056,-104
7057,-103
7058,-103
7059,-104
7060,-108
7061,-111
7062,-115
7063,-119
7064,-123
7065,-128
7066,-133
7067,-139
7068,-144
7069,-149
7070,-153
7071,-156
7072,-158
7073,-159
7074,-159
7075,-160
7076,-159
7077,-156
7078,-153
7079,-148
7080,-143
7081,-137
7082,-131
7083,-125
7084,-119
7085,-114
7086,-110
7087,-106
7088,-103
7089,-99
7090,-95
7091,-93
7092,-89
7093,-86
7094,-83
7095,-79
7096,-73
7097,-68
7098,-61
7099,-53
7100,-46
7101,-39
7102,-33
7103,-28
7104,-23
7105,-18
7106,-14
7107,-9
7108,-6
7109,-5
7110,-3
7111,-2
7112,-3
7113,-3
7114,-3
7115,-5
7116,-5
7117,-6
7118,-8
7119,-8
7120,-9
7121,-8
7122,-7
7123,-5
7124,-4
7125,-3
7126,-2
7127,-2
7128,-1
7129,0
7130,1
7131,4
7132,6
7133,9
7134,11
7135,13
7136,14
7137,16
7138,16
7139,17
7140,18
7141,16
7142,16
7143,14
7144,13
7145,11
7146,8
7147,7
7148,7
7149,6
7150,8
7151,8
7152,8
7153,8
7154,9
7155,9
7156,10
7157,10
7158,9
7159,9
7160,7
7161,4
7162,0
7163,-4
7164,-9
7165,-12
7166,-16
7167,-19
7168,-23
7169,-27
7170,-33
7171,-38
7172,-43
7173,-48
7174,-53
7175,-56
7176,-59
7177,-61
7178,-64
7179,-65
7180,-67
7181,-69
7182,-71
7183,-71
7184,-72
7185,-73
7186,-72
7187,-73
7188,-72
7189,-71
7190,-71
7191,-69
7192,-69
7193,-68
7194,-66
7195,-64
7196,-63
7197,-62
7198,-64
7199,-68
7200,-73
7201,-79
7202,-87
7203,-94
7204,-99
7205,-103
7206,-104
7207,-106
7208,-107
7209,-108
7210,-108
7211,-108
7212,-108
7213,-108
7214,-108
7215,-109
7216,-110
7217,-111
7218,-113
7219,-117
7220,-120
7221,-123
7222,-126
7223,-129
7224,-131
7225,-134
7226,-136
7227,-139
7228,-141
7229,-142
7230,-141
7231,-139
7232,-138
7233,-135
7234,-133
7235,-131
7236,-129
7237,-126
7238,-123
7239,-120
7240,-116
7241,-111
7242,-108
7243,-104
7244,-100
7245,-97
7246,-92
7247,-88
7248,-82
7249,-76
7250,-71
7251,-68
7252,-64
7253,-61
7254,-58
7255,-54
7256,-53
7257,-52
7258,-52
7259,-54
7260,-58
7261,-61
7262,-66
7263,-69
7264,-73
7265,-77
7266,-79
7267,-81
7268,-84
7269,-86
7270,-88
7271,-88
7272,-88
7273,-86
7274,-84
7275,-82
7276,-80
7277,-78
7278,-77
7279,-76
7280,-75
7281,-74
7282,-72
7283,-69
7284,-66
7285,-63
7286,-58
7287,-54
7288,-51
7289,-46
7290,-42
7291,-38
7292,-32
7293,-27
7294,-23
7295,-18
7296,-14
7297,-11
7298,-9
7299,-8
7300,-9
7301,-10
7302,-13
7303,-18
7304,-24
7305,-30
7306,-36
7307,-42
7308,-46
7309,-48
7310,-49
7311,-49
7312,-48
7313,-45
7314,-42
7315,-38
7316,-33
7317,-29
7318,-23
7319,-20
7320,-18
7321,-16
7322,-16
7323,-16
7324,-18
7325,-19
7326,-21
7327,-23
7328,-24
7329,-26
7330,-28
7331,-30
7332,-33
7333,-34
7334,-36
7335,-36
7336,-37
7337,-39
7338,-41
7339,-43
7340,-46
7341,-48
7342,-51
7343,-53
7344,-54
7345,-56
7346,-59
7347,-63
7348,-68
7349,-71
7350,-76
7351,-79
7352,-82
7353,-86
7354,-88
7355,-90
7356,-93
7357,-96
7358,-98
7359,-99
7360,-101
7361,-102
7362,-103
7363,-105
7364,-107
7365,-109
7366,-113
7367,-114
7368,-116
7369,-118
7370,-118
7371,-118
7372,-119
7373,-119
7374,-119
7375,-119
7376,-118
7377,-117
7378,-114
7379,-113
7380,-110
7381,-108
7382,-106
7383,-104
7384,-102
7385,-100
7386,-99
7387,-98
7388,-96
7389,-96
7390,-96
7391,-96
7392,-96
7393,-95
7394,-95
7395,-94
7396,-91
7397,-89
7398,-86
7399,-83
7400,-78
7401,-74
7402,-69
7403,-64
7404,-59
7405,-55
7406,-51
7407,-49
7408,-48
7409,-47
7410,-45
7411,-42
7412,-41
7413,-38
7414,-36
7415,-34
7416,-32
7417,-31
7418,-31
7419,-31
7420,-29
7421,-29
7422,-28
7423,-28
7424,-28
7425,-28
7426,-29
7427,-28
7428,-28
7429,-26
7430,-24
7431,-22
7432,-21
7433,-19
7434,-18
7435,-18
7436,-16
7437,-16
7438,-14
7439,-14
7440,-13
7441,-11
7442,-11
7443,-11
7444,-12
7445,-14
7446,-14
7447,-18
7448,-20
7449,-22
7450,-26
7451,-28
7452,-30
7453,-33
7454,-37
7455,-41
7456,-45
7457,-50
7458,-55
7459,-59
7460,-63
7461,-67
7462,-70
7463,-73
7464,-76
7465,-79
7466,-82
7467,-86
7468,-89
7469,-94
7470,-99
7471,-103
7472,-106
7473,-108
7474,-108
7475,-109
7476,-108
7477,-104
7478,-101
7479,-96
7480,-91
7481,-84
7482,-78
7483,-71
7484,-64
7485,-56
7486,-49
7487,-44
7488,-39
7489,-34
7490,-31
7491,-28
7492,-25
7493,-24
7494,-23
7495,-22
7496,-23
7497,-24
7498,-26
7499,-29
7500,-33
7501,-36
7502,-41
7503,-44
7504,-49
7505,-54
7506,-59
7507,-63
7508,-66
7509,-69
7510,-71
7511,-71
7512,-71
7513,-71
7514,-71
7515,-71
7516,-72
7517,-73
7518,-73
7519,-75
7520,-76
7521,-78
7522,-79
7523,-82
7524,-84
7525,-86
7526,-89
7527,-91
7528,-94
7529,-96
7530,-98
7531,-99
7532,-101
7533,-103
7534,-106
7535,-109
7536,-111
7537,-112
7538,-113
7539,-115
7540,-116
7541,-118
7542,-119
7543,-121
7544,-121
7545,-120
7546,-118
7547,-115
7548,-113
7549,-109
7550,-107
7551,-104
7552,-102
7553,-99
7554,-99
7555,-99
7556,-100
7557,-102
7558,-106
7559,-110
7560,-114
7561,-119
7562,-122
7563,-125
7564,-126
7565,-127
7566,-127
7567,-127
7568,-126
7569,-124
7570,-121
7571,-117
7572,-112
7573,-107
7574,-102
7575,-97
7576,-92
7577,-88
7578,-83
7579,-78
7580,-74
7581,-71
7582,-69
7583,-66
7584,-63
7585,-61
7586,-58
7587,-56
7588,-53
7589,-48
7590,-44
7591,-39
7592,-36
7593,-32
7594,-29
7595,-27
7596,-26
7597,-25
7598,-24
7599,-23
7600,-21
7601,-18
7602,-15
7603,-12
7604,-9
7605,-6
7606,-4
7607,-3
7608,-3
7609,-3
7610,-3
7611,-3
7612,-3
7613,-3
7614,-5
7615,-7
7616,-10
7617,-13
7618,-16
7619,-19
7620,-23
7621,-26
7622,-28
7623,-30
7624,-33
7625,-34
7626,-37
7627,-40
7628,-43
7629,-46
7630,-49
7631,-52
7632,-54
7633,-54
7634,-54
7635,-54
7636,-54
7637,-54
7638,-53
7639,-51
7640,-48
7641,-44
7642,-40
7643,-37
7644,-34
7645,-31
7646,-30
7647,-28
7648,-28
7649,-27
7650,-26
7651,-28
7652,-31
7653,-35
7654,-41
7655,-47
7656,-51
7657,-54
7658,-56
7659,-56
7660,-56
7661,-55
7662,-54
7663,-54
7664,-54
7665,-53
7666,-53
7667,-52
7668,-51
7669,-50
7670,-51
7671,-52
7672,-53
7673,-54
7674,-54
7675,-56
7676,-57
7677,-59
7678,-63
7679,-66
7680,-70
7681,-73
7682,-77
7683,-80
7684,-83
7685,-85
7686,-88
7687,-89
7688,-93
7689,-96
7690,-99
7691,-101
7692,-103
7693,-104
7694,-104
7695,-106
7696,-108
7697,-110
7698,-112
7699,-113
7700,-114
7701,-115
7702,-116
7703,-116
7704,-118
7705,-119
7706,-119
7707,-122
7708,-124
7709,-125
7710,-126
7711,-126
7712,-125
7713,-125
7714,-124
7715,-123
7716,-123
7717,-121
7718,-122
7719,-121
7720,-121
7721,-119
7722,-118
7723,-116
7724,-114
7725,-113
7726,-111
7727,-110
7728,-108
7729,-106
7730,-104
7731,-103
7732,-101
7733,-98
7734,-97
7735,-96
7736,-95
7737,-94
7738,-93
7739,-93
7740,-93
7741,-91
7742,-90
7743,-88
7744,-86
7745,-81
7746,-74
7747,-68
7748,-60
7749,-53
7750,-46
7751,-41
7752,-39
7753,-39
7754,-42
7755,-46
7756,-51
7757,-57
7758,-62
7759,-67
7760,-71
7761,-73
7762,-75
7763,-76
7764,-76
7765,-76
7766,-73
7767,-71
7768,-66
7769,-62
7770,-58
7771,-52
7772,-46
7773,-42
7774,-36
7775,-31
7776,-28
7777,-23
7778,-18
7779,-14
7780,-11
7781,-8
7782,-6
7783,-3
7784,-1
7785,0
7786,1
7787,1
7788,1
7789,1
7790,-1
7791,-1
7792,-1
7793,-2
7794,-3
7795,-3
7796,-3
7797,-3
7798,-3
7799,-4
7800,-4
7801,-4
7802,-4
7803,-3
7804,-2
7805,-1
7806,2
7807,4
7808,6
7809,8
7810,8
7811,8
7812,7
7813,5
7814,2
7815,-2
7816,-4
7817,-6
7818,-8
7819,-8
7820,-6
7821,-4
7822,-1
7823,4
7824,9
7825,15
7826,22
7827,28
7828,33
7829,34
7830,34
7831,29
7832,21
7833,10
7834,-2
7835,-13
7836,-24
7837,-32
7838,-37
7839,-39
7840,-40
7841,-39
7842,-38
7843,-36
7844,-36
7845,-38
7846,-39
7847,-43
7848,-48
7849,-54
7850,-61
7851,-69
7852,-79
7853,-89
7854,-100
7855,-110
7856,-121
7857,-131
7858,-139
7859,-146
7860,-151
7861,-155
7862,-158
7863,-159
7864,-158
7865,-156
7866,-153
7867,-149
7868,-145
7869,-141
7870,-138
7871,-136
7872,-134
7873,-134
7874,-133
7875,-133
7876,-131
7877,-132
7878,-133
7879,-134
7880,-135
7881,-136
7882,-136
7883,-137
7884,-136
7885,-136
7886,-136
7887,-136
7888,-136
7889,-136
7890,-136
7891,-135
7892,-134
7893,-134
7894,-133
7895,-132
7896,-131
7897,-130
7898,-129
7899,-129
7900,-127
7901,-125
7902,-123
7903,-121
7904,-118
7905,-116
7906,-116
7907,-114
7908,-113
7909,-111
7910,-109
7911,-107
7912,-105
7913,-103
7914,-99
7915,-94
7916,-89
7917,-83
7918,-78
7919,-72
7920,-66
7921,-61
7922,-56
7923,-52
7924,-48
7925,-44
7926,-40
7927,-38
7928,-34
7929,-31
7930,-28
7931,-24
7932,-20
7933,-15
7934,-10
7935,-6
7936,-2
7937,1
7938,4
7939,6
7940,11
7941,16
7942,21
7943,26
7944,31
7945,35
7946,38
7947,39
7948,39
7949,37
7950,34
7951,29
7952,23
7953,17
7954,10
7955,4
7956,-1
7957,-4
7958,-6
7959,-7
7960,-7
7961,-8
7962,-8
7963,-8
7964,-9
7965,-9
7966,-9
7967,-10
7968,-10
7969,-11
7970,-12
7971,-13
7972,-14
7973,-18
7974,-21
7975,-25
7976,-29
7977,-32
7978,-34
7979,-38
7980,-39
7981,-41
7982,-41
7983,-41
7984,-41
7985,-41
7986,-41
7987,-43
7988,-44
7989,-44
7990,-43
7991,-41
7992,-38
7993,-35
7994,-31
7995,-28
7996,-24
7997,-22
7998,-19
7999,-16
8000,-14
8001,-13
8002,-12
8003,-12
8004,-13
8005,-13
8006,-13
8007,-14
8008,-14
8009,-14
8010,-17
8011,-19
8012,-21
8013,-23
8014,-23
8015,-24
8016,-23
8017,-19
8018,-16
8019,-14
8020,-10
8021,-8
8022,-5
8023,-3
8024,-2
8025,-2
8026,-5
8027,-13
8028,-21
8029,-34
8030,-48
8031,-60
8032,-71
8033,-77
8034,-81
8035,-82
8036,-83
8037,-83
8038,-86
8039,-92
8040,-99
8041,-106
8042,-113
8043,-119
8044,-125
8045,-131
8046,-139
8047,-148
8048,-158
8049,-168
8050,-178
8051,-187
8052,-193
8053,-198
8054,-200
8055,-200
8056,-199
8057,-196
8058,-193
8059,-188
8060,-182
8061,-176
8062,-171
8063,-166
8064,-161
8065,-158
8066,-155
8067,-153
8068,-150
8069,-147
8070,-144
8071,-142
8072,-139
8073,-138
8074,-135
8075,-133
8076,-131
8077,-129
8078,-128
8079,-127
8080,-126
8081,-125
8082,-124
8083,-122
8084,-119
8085,-118
8086,-118
8087,-118
8088,-117
8089,-117
8090,-116
8091,-116
8092,-114
8093,-112
8094,-111
8095,-110
8096,-110
8097,-108
8098,-106
8099,-105
8100,-103
8101,-98
8102,-95
8103,-93
8104,-91
8105,-90
8106,-88
8107,-87
8108,-84
8109,-82
8110,-78
8111,-76
8112,-73
8113,-71
8114,-71
8115,-71
8116,-70
8117,-69
8118,-68
8119,-67
8120,-64
8121,-61
8122,-57
8123,-54
8124,-49
8125,-46
8126,-41
8127,-36
8128,-31
8129,-26
8130,-21
8131,-16
8132,-11
8133,-8
8134,-3
8135,1
8136,5
8137,8
8138,11
8139,15
8140,17
8141,20
8142,23
8143,25
8144,28
8145,31
8146,33
8147,36
8148,38
8149,39
8150,41
8151,41
8152,39
8153,38
8154,36
8155,32
8156,30
8157,27
8158,25
8159,21
8160,19
8161,16
8162,13
8163,9
8164,7
8165,4
8166,3
8167,1
8168,-3
8169,-6
8170,-11
8171,-18
8172,-24
8173,-33
8174,-40
8175,-46
8176,-52
8177,-58
8178,-63
8179,-66
8180,-67
8181,-68
8182,-66
8183,-63
8184,-59
8185,-56
8186,-52
8187,-48
8188,-43
8189,-39
8190,-35
8191,-31
8192,-27
8193,-25
8194,-23
8195,-23
8196,-23
8197,-23
8198,-24
8199,-26
8200,-27
8201,-28
8202,-28
8203,-29
8204,-29
8205,-28
8206,-28
8207,-26
8208,-24
8209,-21
8210,-19
8211,-17
8212,-15
8213,-14
8214,-13
8215,-11
8216,-9
8217,-6
8218,-4
8219,-3
8220,-3
8221,-4
8222,-6
8223,-9
8224,-12
8225,-14
8226,-18
8227,-23
8228,-28
8229,-34
8230,-41
8231,-48
8232,-55
8233,-63
8234,-69
8235,-76
8236,-84
8237,-90
8238,-96
8239,-102
8240,-107
8241,-109
8242,-112
8243,-111
8244,-111
8245,-108
8246,-106
8247,-104
8248,-103
8249,-103
8250,-103
8251,-105
8252,-108
8253,-112
8254,-116
8255,-121
8256,-126
8257,-129
8258,-132
8259,-134
8260,-137
8261,-139
8262,-142
8263,-143
8264,-144
8265,-144
8266,-144
8267,-143
8268,-141
8269,-139
8270,-136
8271,-133
8272,-131
8273,-129
8274,-126
8275,-122
8276,-119
8277,-115
8278,-112
8279,-109
8280,-106
8281,-103
8282,-101
8283,-97
8284,-93
8285,-89
8286,-86
8287,-83
8288,-81
8289,-79
8290,-78
8291,-76
8292,-73
8293,-71
8294,-69
8295,-67
8296,-66
8297,-65
8298,-64
8299,-64
8300,-64
8301,-62
8302,-59
8303,-58
8304,-56
8305,-56
8306,-56
8307,-59
8308,-61
8309,-62
8310,-62
8311,-63
8312,-62
8313,-61
8314,-60
8315,-59
8316,-61
8317,-61
8318,-61
8319,-62
8320,-63
8321,-63
8322,-66
8323,-67
8324,-69
8325,-70
8326,-70
8327,-69
8328,-67
8329,-63
8330,-59
8331,-55
8332,-50
8333,-46
8334,-41
8335,-34
8336,-29
8337,-25
8338,-19
8339,-16
8340,-14
8341,-11
8342,-11
8343,-11
8344,-11
8345,-13
8346,-14
8347,-15
8348,-19
8349,-23
8350,-26
8351,-31
8352,-35
8353,-39
8354,-43
8355,-46
8356,-50
8357,-54
8358,-59
8359,-63
8360,-69
8361,-74
8362,-79
8363,-84
8364,-89
8365,-92
8366,-94
8367,-93
8368,-88
8369,-81
8370,-72
8371,-63
8372,-54
8373,-47
8374,-42
8375,-39
8376,-37
8377,-37
8378,-38
8379,-38
8380,-38
8381,-40
8382,-41
8383,-44
8384,-47
8385,-51
8386,-54
8387,-57
8388,-59
8389,-61
8390,-63
8391,-63
8392,-64
8393,-63
8394,-61
8395,-59
8396,-58
8397,-55
8398,-53
8399,-50
8400,-49
8401,-48
8402,-46
8403,-45
8404,-43
8405,-42
8406,-41
8407,-41
8408,-41
8409,-41
8410,-41
8411,-41
8412,-42
8413,-43
8414,-43
8415,-44
8416,-45
8417,-46
8418,-47
8419,-48
8420,-49
8421,-50
8422,-51
8423,-53
8424,-56
8425,-58
8426,-61
8427,-63
8428,-63
8429,-64
8430,-64
8431,-65
8432,-66
8433,-66
8434,-66
8435,-68
8436,-67
8437,-68
8438,-69
8439,-71
8440,-76
8441,-79
8442,-83
8443,-87
8444,-89
8445,-90
8446,-91
8447,-91
8448,-90
8449,-89
8450,-89
8451,-88
8452,-88
8453,-87
8454,-85
8455,-83
8456,-83
8457,-81
8458,-80
8459,-79
8460,-79
8461,-79
8462,-79
8463,-78
8464,-78
8465,-77
8466,-77
8467,-77
8468,-76
8469,-76
8470,-74
8471,-73
8472,-73
8473,-73
8474,-73
8475,-74
8476,-76
8477,-76
8478,-76
8479,-76
8480,-75
8481,-74
8482,-72
8483,-71
8484,-69
8485,-67
8486,-64
8487,-61
8488,-57
8489,-53
8490,-51
8491,-48
8492,-46
8493,-45
8494,-44
8495,-44
8496,-44
8497,-43
8498,-42
8499,-43
8500,-44
8501,-46
8502,-50
8503,-54
8504,-59
8505,-65
8506,-72
8507,-79
8508,-86
8509,-95
8510,-104
8511,-111
8512,-118
8513,-121
8514,-123
8515,-121
8516,-118
8517,-113
8518,-108
8519,-102
8520,-96
8521,-90
8522,-86
8523,-81
8524,-76
8525,-73
8526,-69
8527,-67
8528,-66
8529,-66
8530,-66
8531,-67
8532,-66
8533,-66
8534,-66
8535,-66
8536,-66
8537,-66
8538,-65
8539,-66
8540,-66
8541,-65
8542,-66
8543,-66
8544,-66
8545,-66
8546,-67
8547,-67
8548,-68
8549,-68
8550,-68
8551,-67
8552,-64
8553,-60
8554,-57
8555,-53
8556,-50
8557,-47
8558,-43
8559,-39
8560,-36
8561,-34
8562,-30
8563,-28
8564,-24
8565,-21
8566,-18
8567,-14
8568,-13
8569,-9
8570,-6
8571,-6
8572,-4
8573,-4
8574,-5
8575,-6
8576,-6
8577,-7
8578,-7
8579,-9
8580,-11
8581,-14
8582,-17
8583,-21
8584,-24
8585,-28
8586,-32
8587,-34
8588,-38
8589,-39
8590,-41
8591,-43
8592,-43
8593,-44
8594,-44
8595,-44
8596,-43
8597,-41
8598,-40
8599,-39
8600,-38
8601,-36
8602,-35
8603,-34
8604,-33
8605,-32
8606,-32
8607,-32
8608,-33
8609,-33
8610,-32
8611,-32
8612,-31
8613,-30
8614,-29
8615,-30
8616,-30
8617,-31
8618,-33
8619,-34
8620,-37
8621,-38
8622,-39
8623,-41
8624,-39
8625,-41
8626,-41
8627,-40
8628,-41
8629,-41
8630,-41
8631,-41
8632,-40
8633,-38
8634,-38
8635,-36
8636,-34
8637,-33
8638,-31
8639,-31
8640,-30
8641,-29
8642,-28
8643,-28
8644,-27
8645,-26
8646,-28
8647,-28
8648,-29
8649,-31
8650,-33
8651,-35
8652,-38
8653,-38
8654,-39
8655,-40
8656,-40
8657,-41
8658,-43
8659,-43
8660,-44
8661,-45
8662,-46
8663,-46
8664,-45
8665,-45
8666,-46
8667,-47
8668,-49
8669,-51
8670,-54
8671,-54
8672,-56
8673,-58
8674,-59
8675,-60
8676,-63
8677,-66
8678,-70
8679,-73
8680,-75
8681,-79
8682,-83
8683,-88
8684,-96
8685,-103
8686,-112
8687,-120
8688,-128
8689,-133
8690,-138
8691,-140
8692,-143
8693,-143
8694,-144
8695,-146
8696,-148
8697,-148
8698,-149
8699,-149
8700,-148
8701,-147
8702,-147
8703,-147
8704,-149
8705,-151
8706,-153
8707,-155
8708,-156
8709,-156
8710,-155
8711,-153
8712,-150
8713,-146
8714,-142
8715,-138
8716,-132
8717,-126
8718,-120
8719,-114
8720,-108
8721,-103
8722,-98
8723,-92
8724,-87
8725,-80
8726,-75
8727,-70
8728,-66
8729,-62
8730,-59
8731,-58
8732,-56
8733,-56
8734,-54
8735,-53
8736,-53
8737,-52
8738,-53
8739,-55
8740,-57
8741,-59
8742,-62
8743,-63
8744,-66
8745,-67
8746,-68
8747,-69
8748,-71
8749,-71
8750,-73
8751,-74
8752,-75
8753,-76
8754,-78
8755,-80
8756,-83
8757,-85
8758,-89
8759,-92
8760,-93
8761,-94
8762,-94
8763,-94
8764,-94
8765,-93
8766,-93
8767,-91
8768,-90
8769,-88
8770,-85
8771,-81
8772,-78
8773,-75
8774,-73
8775,-70
8776,-69
8777,-68
8778,-66
8779,-65
8780,-64
8781,-64
8782,-63
8783,-62
8784,-61
8785,-61
8786,-61
8787,-59
8788,-58
8789,-55
8790,-53
8791,-50
8792,-48
8793,-46
8794,-43
8795,-41
8796,-38
8797,-35
8798,-31
8799,-28
8800,-23
8801,-18
8802,-14
8803,-11
8804,-6
8805,-2
8806,1
8807,4
8808,7
8809,10
8810,13
8811,14
8812,16
8813,17
8814,16
8815,16
8816,16
8817,15
8818,16
8819,16
8820,17
8821,17
8822,16
8823,14
8824,13
8825,9
8826,7
8827,5
8828,2
8829,0
8830,-2
8831,-4
8832,-5
8833,-6
8834,-7
8835,-5
8836,-3
8837,0
8838,3
8839,7
8840,8
8841,8
8842,6
8843,3
8844,-1
8845,-4
8846,-7
8847,-9
8848,-9
8849,-9
8850,-9
8851,-9
8852,-8
8853,-8
8854,-8
8855,-6
8856,-6
8857,-6
8858,-7
8859,-7
8860,-9
8861,-10
8862,-13
8863,-16
8864,-18
8865,-23
8866,-28
8867,-33
8868,-41
8869,-49
8870,-56
8871,-64
8872,-71
8873,-76
8874,-81
8875,-83
8876,-84
8877,-84
8878,-86
8879,-87
8880,-89
8881,-93
8882,-97
8883,-102
8884,-106
8885,-111
8886,-116
8887,-119
8888,-121
8889,-124
8890,-124
8891,-124
8892,-124
8893,-121
8894,-118
8895,-114
8896,-109
8897,-103
8898,-99
8899,-93
8900,-89
8901,-85
8902,-82
8903,-79
8904,-78
8905,-76
8906,-76
8907,-75
8908,-75
8909,-76
8910,-76
8911,-77
8912,-79
8913,-79
8914,-80
8915,-81
8916,-84
8917,-85
8918,-88
8919,-91
8920,-93
8921,-96
8922,-98
8923,-100
8924,-101
8925,-102
8926,-102
8927,-102
8928,-101
8929,-101
8930,-101
8931,-101
8932,-103
8933,-103
8934,-104
8935,-104
8936,-104
8937,-103
8938,-104
8939,-104
8940,-104
8941,-104
8942,-104
8943,-103
8944,-102
8945,-99
8946,-98
8947,-98
8948,-98
8949,-97
8950,-96
8951,-94
8952,-94
8953,-92
8954,-92
8955,-93
8956,-93
8957,-93
8958,-93
8959,-91
8960,-88
8961,-86
8962,-84
8963,-82
8964,-81
8965,-79
8966,-78
8967,-77
8968,-76
8969,-74
8970,-73
8971,-73
8972,-72
8973,-71
8974,-69
8975,-68
8976,-66
8977,-63
8978,-59
8979,-57
8980,-54
8981,-54
8982,-53
8983,-53
8984,-54
8985,-54
8986,-56
8987,-58
8988,-58
8989,-59
8990,-59
8991,-59
8992,-59
8993,-58
8994,-56
8995,-54
8996,-52
8997,-49
8998,-47
8999,-44
9000,-41
9001,-39
9002,-38
9003,-35
9004,-34
9005,-34
9006,-33
9007,-32
9008,-31
9009,-28
9010,-26
9011,-23
9012,-20
9013,-18
9014,-17
9015,-16
9016,-15
9017,-13
9018,-11
9019,-9
9020,-6
9021,-5
9022,-6
9023,-6
9024,-7
9025,-9
9026,-11
9027,-14
9028,-14
9029,-16
9030,-16
9031,-15
9032,-13
9033,-12
9034,-9
9035,-6
9036,-3
9037,0
9038,3
9039,3
9040,3
9041,3
9042,2
9043,3
9044,4
9045,4
9046,6
9047,6
9048,5
9049,4
9050,2
9051,-1
9052,-3
9053,-6
9054,-8
9055,-10
9056,-12
9057,-14
9058,-15
9059,-16
9060,-16
9061,-17
9062,-16
9063,-16
9064,-15
9065,-15
9066,-15
9067,-15
9068,-16
9069,-17
9070,-18
9071,-19
9072,-19
9073,-20
9074,-20
9075,-20
9076,-21
9077,-21
9078,-21
9079,-22
9080,-22
9081,-24
9082,-26
9083,-28
9084,-30
9085,-31
9086,-33
9087,-34
9088,-38
9089,-38
9090,-40
9091,-41
9092,-41
9093,-42
9094,-43
9095,-43
9096,-43
9097,-42
9098,-41
9099,-42
9100,-41
9101,-41
9102,-41
9103,-42
9104,-43
9105,-44
9106,-47
9107,-49
9108,-53
9109,-57
9110,-60
9111,-64
9112,-68
9113,-71
9114,-74
9115,-76
9116,-76
9117,-77
9118,-76
9119,-75
9120,-74
9121,-74
9122,-73
9123,-74
9124,-74
9125,-75
9126,-74
9127,-74
9128,-74
9129,-73
9130,-71
9131,-69
9132,-68
9133,-67
9134,-66
9135,-68
9136,-68
9137,-69
9138,-70
9139,-70
9140,-71
9141,-71
9142,-72
9143,-74
9144,-75
9145,-78
9146,-79
9147,-81
9148,-83
9149,-83
9150,-83
9151,-83
9152,-84
9153,-84
9154,-84
9155,-86
9156,-86
9157,-86
9158,-86
9159,-87
9160,-88
9161,-88
9162,-88
9163,-89
9164,-89
9165,-88
9166,-89
9167,-90
9168,-91
9169,-94
9170,-96
9171,-98
9172,-99
9173,-99
9174,-99
9175,-99
9176,-98
9177,-98
9178,-99
9179,-100
9180,-101
9181,-103
9182,-104
9183,-104
9184,-104
9185,-106
9186,-106
9187,-107
9188,-106
9189,-106
9190,-106
9191,-104
9192,-104
9193,-103
9194,-101
9195,-101
9196,-101
9197,-101
9198,-103
9199,-102
9200,-102
9201,-101
9202,-101
9203,-99
9204,-98
9205,-95
9206,-93
9207,-90
9208,-87
9209,-83
9210,-79
9211,-76
9212,-73
9213,-70
9214,-67
9215,-65
9216,-65
9217,-64
9218,-65
9219,-64
9220,-64
9221,-64
9222,-64
9223,-66
9224,-66
9225,-66
9226,-64
9227,-63
9228,-59
9229,-57
9230,-55
9231,-53
9232,-53
9233,-53
9234,-54
9235,-55
9236,-56
9237,-55
9238,-54
9239,-52
9240,-49
9241,-47
9242,-44
9243,-42
9244,-39
9245,-39
9246,-36
9247,-35
9248,-32
9249,-29
9250,-26
9251,-21
9252,-18
9253,-14
9254,-9
9255,-6
9256,-2
9257,2
9258,6
9259,9
9260,13
9261,17
9262,20
9263,24
9264,26
9265,28
9266,29
9267,30
9268,31
9269,31
9270,30
9271,29
9272,30
9273,29
9274,30
9275,30
9276,30
9277,30
9278,31
9279,31
9280,33
9281,33
9282,34
9283,34
9284,34
9285,34
9286,33
9287,33
9288,31
9289,31
9290,30
9291,29
9292,28
9293,28
9294,26
9295,24
9296,22
9297,19
9298,18
9299,15
9300,13
9301,11
9302,8
9303,5
9304,2
9305,-1
9306,-4
9307,-8
9308,-12
9309,-16
9310,-19
9311,-23
9312,-26
9313,-30
9314,-31
9315,-33
9316,-33
9317,-31
9318,-29
9319,-26
9320,-23
9321,-19
9322,-16
9323,-13
9324,-9
9325,-6
9326,-3
9327,0
9328,2
9329,6
9330,9
9331,11
9332,15
9333,18
9334,20
9335,22
9336,24
9337,24
9338,24
9339,23
9340,20
9341,17
9342,12
9343,7
9344,1
9345,-4
9346,-11
9347,-16
9348,-21
9349,-25
9350,-29
9351,-33
9352,-36
9353,-39
9354,-42
9355,-44
9356,-47
9357,-51
9358,-54
9359,-59
9360,-66
9361,-73
9362,-81
9363,-88
9364,-94
9365,-99
9366,-104
9367,-107
9368,-110
9369,-113
9370,-115
9371,-119
9372,-121
9373,-124
9374,-127
9375,-129
9376,-133
9377,-136
9378,-139
9379,-141
9380,-143
9381,-145
9382,-146
9383,-146
9384,-144
9385,-144
9386,-143
9387,-141
9388,-140
9389,-138
9390,-137
9391,-136
9392,-136
9393,-138
9394,-138
9395,-138
9396,-136
9397,-134
9398,-131
9399,-127
9400,-123
9401,-118
9402,-114
9403,-112
9404,-109
9405,-107
9406,-106
9407,-106
9408,-105
9409,-105
9410,-104
9411,-103
9412,-103
9413,-99
9414,-98
9415,-96
9416,-93
9417,-90
9418,-88
9419,-86
9420,-85
9421,-86
9422,-84
9423,-84
9424,-83
9425,-82
9426,-83
9427,-84
9428,-85
9429,-88
9430,-90
9431,-93
9432,-94
9433,-96
9434,-96
9435,-96
9436,-96
9437,-95
9438,-93
9439,-89
9440,-83
9441,-76
9442,-67
9443,-58
9444,-48
9445,-38
9446,-28
9447,-19
9448,-9
9449,-1
9450,8
9451,14
9452,19
9453,24
9454,29
9455,32
9456,36
9457,39
9458,41
9459,44
9460,46
9461,47
9462,48
9463,48
9464,46
9465,46
9466,44
9467,43
9468,42
9469,40
9470,40
9471,40
9472,40
9473,40
9474,39
9475,38
9476,38
9477,37
9478,35
9479,34
9480,33
9481,30
9482,28
9483,26
9484,24
9485,23
9486,21
9487,18
9488,16
9489,14
9490,11
9491,9
9492,8
9493,6
9494,4
9495,2
9496,-3
9497,-6
9498,-11
9499,-15
9500,-19
9501,-24
9502,-28
9503,-31
9504,-35
9505,-37
9506,-39
9507,-41
9508,-44
9509,-46
9510,-48
9511,-49
9512,-51
9513,-52
9514,-53
9515,-54
9516,-54
9517,-54
9518,-54
9519,-54
9520,-54
9521,-53
9522,-51
9523,-49
9524,-47
9525,-44
9526,-39
9527,-35
9528,-31
9529,-25
9530,-21
9531,-18
9532,-14
9533,-12
9534,-11
9535,-10
9536,-10
9537,-11
9538,-13
9539,-17
9540,-22
9541,-29
9542,-38
9543,-46
9544,-55
9545,-64
9546,-73
9547,-80
9548,-87
9549,-92
9550,-96
9551,-99
9552,-101
9553,-103
9554,-105
9555,-108
9556,-112
9557,-116
9558,-121
9559,-127
9560,-131
9561,-134
9562,-136
9563,-136
9564,-134
9565,-133
9566,-129
9567,-128
9568,-126
9569,-126
9570,-126
9571,-128
9572,-129
9573,-130
9574,-131
9575,-132
9576,-132
9577,-131
9578,-129
9579,-127
9580,-125
9581,-122
9582,-119
9583,-117
9584,-114
9585,-113
9586,-110
9587,-106
9588,-104
9589,-101
9590,-98
9591,-94
9592,-92
9593,-89
9594,-88
9595,-85
9596,-83
9597,-82
9598,-83
9599,-83
9600,-84
9601,-86
9602,-88
9603,-89
9604,-89
9605,-89
9606,-89
9607,-90
9608,-90
9609,-89
9610,-88
9611,-87
9612,-85
9613,-82
9614,-79
9615,-76
9616,-73
9617,-70
9618,-68
9619,-65
9620,-64
9621,-62
9622,-61
9623,-59
9624,-58
9625,-56
9626,-54
9627,-49
9628,-45
9629,-39
9630,-34
9631,-28
9632,-21
9633,-13
9634,-6
9635,2
9636,9
9637,16
9638,23
9639,29
9640,34
9641,38
9642,42
9643,45
9644,49
9645,52
9646,54
9647,56
9648,58
9649,58
9650,59
9651,59
9652,59
9653,59
9654,59
9655,59
9656,59
9657,59
9658,59
9659,58
9660,57
9661,57
9662,56
9663,56
9664,56
9665,56
9666,56
9667,55
9668,55
9669,53
9670,51
9671,51
9672,51
9673,49
9674,48
9675,47
9676,44
9677,42
9678,39
9679,38
9680,34
9681,32
9682,29
9683,26
9684,23
9685,21
9686,17
9687,14
9688,11
9689,8
9690,4
9691,1
9692,-4
9693,-9
9694,-14
9695,-21
9696,-27
9697,-35
9698,-43
9699,-50
9700,-58
9701,-64
9702,-69
9703,-75
9704,-78
9705,-81
9706,-82
9707,-82
9708,-80
9709,-78
9710,-74
9711,-71
9712,-68
9713,-64
9714,-63
9715,-63
9716,-66
9717,-68
9718,-76
9719,-81
9720,-88
9721,-96
9722,-102
9723,-108
9724,-113
9725,-115
9726,-116
9727,-117
9728,-116
9729,-117
9730,-117
9731,-118
9732,-121
9733,-126
9734,-130
9735,-136
9736,-143
9737,-149
9738,-157
9739,-163
9740,-169
9741,-175
9742,-181
9743,-188
9744,-194
9745,-200
9746,-204
9747,-208
9748,-209
9749,-208
9750,-206
9751,-202
9752,-197
9753,-193
9754,-187
9755,-181
9756,-176
9757,-170
9758,-164
9759,-159
9760,-153
9761,-148
9762,-143
9763,-140
9764,-138
9765,-135
9766,-134
9767,-133
9768,-131
9769,-130
9770,-129
9771,-129
9772,-128
9773,-129
9774,-130
9775,-131
9776,-133
9777,-133
9778,-133
9779,-132
9780,-128
9781,-125
9782,-122
9783,-118
9784,-115
9785,-111
9786,-106
9787,-101
9788,-96
9789,-91
9790,-84
9791,-80
9792,-76
9793,-72
9794,-69
9795,-64
9796,-60
9797,-56
9798,-51
9799,-48
9800,-44
9801,-43
9802,-41
9803,-39
9804,-38
9805,-36
9806,-33
9807,-29
9808,-25
9809,-20
9810,-16
9811,-13
9812,-10
9813,-8
9814,-7
9815,-6
9816,-8
9817,-10
9818,-13
9819,-17
9820,-21
9821,-25
9822,-31
9823,-33
9824,-36
9825,-37
9826,-36
9827,-33
9828,-29
9829,-24
9830,-18
9831,-12
9832,-4
9833,4
9834,11
9835,18
9836,24
9837,29
9838,33
9839,37
9840,42
9841,46
9842,51
9843,55
9844,58
9845,59
9846,61
9847,62
9848,62
9849,64
9850,65
9851,66
9852,67
9853,68
9854,67
9855,66
9856,64
9857,63
9858,61
9859,59
9860,58
9861,58
9862,55
9863,53
9864,53
9865,53
9866,54
9867,58
9868,60
9869,63
9870,67
9871,69
9872,72
9873,74
9874,76
9875,77
9876,78
9877,76
9878,76
9879,74
9880,72
9881,70
9882,68
9883,65
9884,63
9885,59
9886,53
9887,48
9888,41
9889,33
9890,28
9891,21
9892,15
9893,9
9894,3
9895,-4
9896,-12
9897,-19
9898,-26
9899,-32
9900,-36
9901,-40
9902,-43
9903,-46
9904,-48
9905,-48
9906,-50
9907,-50
9908,-49
9909,-49
9910,-48
9911,-47
9912,-46
9913,-45
9914,-45
9915,-44
9916,-44
9917,-46
9918,-46
9919,-48
9920,-51
9921,-53
9922,-58
9923,-63
9924,-68
9925,-73
9926,-78
9927,-82
9928,-86
9929,-89
9930,-89
9931,-91
9932,-91
9933,-93
9934,-93
9935,-94
9936,-97
9937,-100
9938,-104
9939,-109
9940,-114
9941,-120
9942,-124
9943,-131
9944,-135
9945,-140
9946,-144
9947,-148
9948,-153
9949,-156
9950,-160
9951,-162
9952,-164
9953,-164
9954,-164
9955,-163
9956,-163
9957,-161
9958,-159
9959,-158
9960,-155
9961,-154
9962,-152
9963,-150
9964,-149
9965,-148
9966,-146
9967,-145
9968,-142
9969,-139
9970,-135
9971,-130
9972,-126
9973,-121
9974,-115
9975,-111
9976,-109
9977,-108
9978,-108
9979,-111
9980,-114
9981,-118
9982,-121
9983,-124
9984,-126
9985,-126
9986,-125
9987,-123
9988,-119
9989,-115
9990,-111
9991,-106
9992,-100
9993,-95
9994,-91
9995,-89
9996,-88
9997,-88
9998,-89
9999,-90
10000,-90
